-- MySQL dump 10.13  Distrib 5.6.24, for Win64 (x86_64)
--
-- Host: localhost    Database: produccion
-- ------------------------------------------------------
-- Server version	5.6.26-log

/*!40101 SET @OLD_CHARACTER_SET_CLIENT=@@CHARACTER_SET_CLIENT */;
/*!40101 SET @OLD_CHARACTER_SET_RESULTS=@@CHARACTER_SET_RESULTS */;
/*!40101 SET @OLD_COLLATION_CONNECTION=@@COLLATION_CONNECTION */;
/*!40101 SET NAMES utf8 */;
/*!40103 SET @OLD_TIME_ZONE=@@TIME_ZONE */;
/*!40103 SET TIME_ZONE='+00:00' */;
/*!40014 SET @OLD_UNIQUE_CHECKS=@@UNIQUE_CHECKS, UNIQUE_CHECKS=0 */;
/*!40014 SET @OLD_FOREIGN_KEY_CHECKS=@@FOREIGN_KEY_CHECKS, FOREIGN_KEY_CHECKS=0 */;
/*!40101 SET @OLD_SQL_MODE=@@SQL_MODE, SQL_MODE='NO_AUTO_VALUE_ON_ZERO' */;
/*!40111 SET @OLD_SQL_NOTES=@@SQL_NOTES, SQL_NOTES=0 */;

--
-- Current Database: `produccion`
--

USE `produccion`;

--
-- Dumping data for table `accesorio`
--

LOCK TABLES `accesorio` WRITE;
/*!40000 ALTER TABLE `accesorio` DISABLE KEYS */;
INSERT INTO `accesorio` (`idaccesorio`, `activo`, `fechacreacion`, `nombre`, `observaciones`, `observacionesproduccion`, `codigo`, `precio`, `costomanoobra`, `empresa_idempresa`) VALUES (1,'','2016-06-28 19:53:27','SOPORTE MANIJA','SOPORTE MICRO',NULL,'SM',0.0988,0,1),(2,'','2016-06-28 19:53:27','MANIJA','Polietileno Negro',NULL,'M',100,10,1),(3,'','2016-06-28 19:53:27','CORDON','Cordon ',NULL,'C',0.0988,0,1);
/*!40000 ALTER TABLE `accesorio` ENABLE KEYS */;
UNLOCK TABLES;

--
-- Dumping data for table `insumo`
--

LOCK TABLES `insumo` WRITE;
/*!40000 ALTER TABLE `insumo` DISABLE KEYS */;
INSERT INTO `insumo` (`idinsumo`, `proveedor_linea_idproveedor_linea`, `proveedor_linea_proveedor_idproveedor`, `itemlista_iditemlista_tipo`, `nombre`, `calibre`, `ancho`, `valorflete`, `itemlista_iditemlista_unimedcomp`, `valor`, `factorrendimiento`, `itemlista_iditemlista_unimedrendi`, `observaciones`, `fechacreacion`, `activo`, `empresa_idempresa`, `conversionflete`) VALUES (1,4,4,40,'C4B Corr.blanco reverso kraft ','540',NULL,110000,14,0,988,15,NULL,'2016-06-28 19:53:12','',1,NULL),(2,4,4,40,'C4K Corr.Kraft reverso kraft ','540',NULL,110000,14,0,988,15,NULL,'2016-06-28 19:53:12','',1,NULL),(3,4,4,40,'C2K Corr.Kraft reverso kraft ','450',NULL,110000,14,0,1,15,NULL,'2016-06-28 19:53:12','',1,NULL),(4,4,4,40,'C2B Corr.blanco reverso kraft ','450',NULL,110000,14,0,1,15,NULL,'2016-06-28 19:53:12','',1,NULL),(5,4,4,40,'C6K Corr.Kraft reverso kraft ','620',NULL,110000,14,0,1,15,NULL,'2016-06-28 19:53:12','',1,NULL),(6,4,4,40,'C6B Corr.blanco reverso kraft ','620',NULL,110000,14,0,1,15,NULL,'2016-06-28 19:53:12','',1,NULL),(7,4,4,40,'S72K Corr.Kraft reverso kraft ','720',NULL,110000,14,0,1,15,NULL,'2016-06-28 19:53:12','',1,NULL),(8,4,4,40,'S72B Corr.blanco reverso kraft ','720',NULL,110000,14,0,1,15,NULL,'2016-06-28 19:53:12','',1,NULL),(9,4,4,40,'S79K Corr.Kraft reverso kraft ','790',NULL,110000,14,0,1,15,NULL,'2016-06-28 19:53:12','',1,NULL),(10,4,4,40,'S79B Corr.blanco reverso kraft ','790',NULL,110000,14,0,1,15,NULL,'2016-06-28 19:53:12','',1,NULL),(11,4,4,40,'S9K Corr.Kraft reverso kraft ','930',NULL,110000,14,0,1,15,NULL,'2016-06-28 19:53:12','',1,NULL),(12,4,4,40,'S9B Corr.blanco reverso kraft ','930',NULL,110000,14,0,1,15,NULL,'2016-06-28 19:53:12','',1,NULL),(13,4,4,40,'XEK Corr.Kraft reverso kraft ','1200',NULL,110000,14,0,1,15,NULL,'2016-06-28 19:53:12','',1,NULL),(14,4,4,40,'CC58X52.5 Pleg.Kraft reverso kraft ','58',52.5,110000,14,1502390,2577,15,NULL,'2016-06-28 19:53:12','',1,NULL),(15,4,4,40,'CC58X56 Pleg.Kraft reverso kraft ','58',56,110000,14,1502390,2577,15,NULL,'2016-06-28 19:53:12','',1,NULL),(16,4,4,40,'CC58X60 Pleg.Kraft reverso kraft ','58',60,110000,14,1502390,2577,15,NULL,'2016-06-28 19:53:12','',1,NULL),(17,4,4,40,'CC58X65 Pleg.Kraft reverso kraft ','58',65,110000,14,1502390,2577,15,NULL,'2016-06-28 19:53:12','',1,NULL),(18,4,4,40,'CC58X70 Pleg.Kraft reverso kraft ','58',70,110000,14,1502390,2577,15,NULL,'2016-06-28 19:53:12','',1,NULL),(19,4,4,40,'CC48X52.5 Pleg.Kraft reverso kraft ','48',52.5,110000,14,1554990,3049,15,NULL,'2016-06-28 19:53:12','',1,NULL),(20,4,4,40,'CC48X80 Pleg.Kraft reverso kraft ','48',80,110000,14,1554990,3049,15,NULL,'2016-06-28 19:53:12','',1,NULL),(21,4,4,40,'CC48X60 Pleg.Kraft reverso kraft ','48',60,110000,14,1554990,3049,15,NULL,'2016-06-28 19:53:12','',1,NULL),(22,4,4,40,'CC48X50 Pleg.Kraft reverso kraft ','48',50,110000,14,1554990,3049,15,NULL,'2016-06-28 19:53:12','',1,NULL),(23,4,4,40,'CC48X44 Pleg.Kraft reverso kraft ','48',44,110000,14,1554990,3049,15,NULL,'2016-06-28 19:53:12','',1,NULL),(24,4,4,40,'CC40X80 Pleg.Kraft reverso kraft ','40',80,110000,14,1695560,3623,15,NULL,'2016-06-28 19:53:12','',1,NULL),(25,4,4,40,'CC40X70 Pleg.Kraft reverso kraft ','40',70,110000,14,1695560,3623,15,NULL,'2016-06-28 19:53:12','',1,NULL),(26,4,4,40,'CC40X44 Pleg.Kraft reverso kraft ','40',44,110000,14,1695560,3623,15,NULL,'2016-06-28 19:53:12','',1,NULL),(27,4,4,40,'UC30X70 Pleg.blanco reves blanco ','30',70,110000,14,2589950,3759,15,NULL,'2016-06-28 19:53:12','',1,NULL),(28,4,4,40,'UC36X55 Pleg.blanco reves blanco ','36',55,110000,14,2446420,3236,15,NULL,'2016-06-28 19:53:12','',1,NULL),(29,4,4,40,'UC36X60 Pleg.blanco reves blanco ','36',60,110000,14,2446420,3236,15,NULL,'2016-06-28 19:53:12','',1,NULL),(30,4,4,40,'UC36X70 Pleg.blanco reves blanco ','36',70,110000,14,2446420,3236,15,NULL,'2016-06-28 19:53:12','',1,NULL),(31,4,4,40,'UC36X80 Pleg.blanco reves blanco ','36',80,110000,14,2446420,3236,15,NULL,'2016-06-28 19:53:12','',1,NULL),(32,4,4,40,'UC36X90 Pleg.blanco reves blanco ','36',90,110000,14,2446420,3236,15,NULL,'2016-06-28 19:53:12','',1,NULL),(33,4,4,40,'UC40X60 Pleg.blanco reves blanco ','40',60,110000,14,2375730,2933,15,NULL,'2016-06-28 19:53:12','',1,NULL),(34,4,4,40,'UC40X70 Pleg.blanco reves blanco ','40',70,110000,14,2375730,2933,15,NULL,'2016-06-28 19:53:12','',1,NULL),(35,4,4,40,'UC40X90 Pleg.blanco reves blanco ','40',90,110000,14,2375730,2933,15,NULL,'2016-06-28 19:53:12','',1,NULL),(36,4,4,40,'UC44X60 Pleg.blanco reves blanco ','44',60,110000,14,2368640,2732,15,NULL,'2016-06-28 19:53:12','',1,NULL),(37,4,4,40,'UC44X70 Pleg.blanco reves blanco ','44',70,110000,14,2368640,2732,15,NULL,'2016-06-28 19:53:12','',1,NULL),(38,4,4,40,'UC44X80 Pleg.blanco reves blanco ','44',80,110000,14,2368640,2732,15,NULL,'2016-06-28 19:53:12','',1,NULL),(39,4,4,40,'UC44X90 Pleg.blanco reves blanco ','44',90,110000,14,2368640,2732,15,NULL,'2016-06-28 19:53:12','',1,NULL),(40,4,4,40,'UC44X105 Pleg.blanco reves blanco ','44',105,110000,14,2368640,2732,15,NULL,'2016-06-28 19:53:12','',1,NULL),(41,4,4,40,'UC56X70 Pleg.blanco reves blanco ','56',70,110000,14,2928700,2732,15,NULL,'2016-06-28 19:53:12','',1,NULL),(42,4,4,40,'BC56X50 Pleg.blanco reverso gris ','56',50,97900,14,1716220,2174,15,NULL,'2016-06-28 19:53:12','',1,NULL),(43,4,4,40,'BC56X53.5 Pleg.blanco reverso gris ','56',53.5,97900,14,1716220,2174,15,NULL,'2016-06-28 19:53:12','',1,NULL),(44,4,4,40,'BC56X55 Pleg.blanco reverso gris ','56',55,97900,14,1716220,2174,15,NULL,'2016-06-28 19:53:12','',1,NULL),(45,4,4,40,'BC56X58 Pleg.blanco reverso gris ','56',58,97900,14,1716220,2174,15,NULL,'2016-06-28 19:53:12','',1,NULL),(46,4,4,40,'BC56X60 Pleg.blanco reverso gris ','56',60,110000,14,1928340,2174,15,NULL,'2016-06-28 19:53:12','',1,NULL),(47,4,4,40,'BC56X66 Pleg.blanco reverso gris ','56',66,110000,14,1928340,2174,15,NULL,'2016-06-28 19:53:12','',1,NULL),(48,4,4,40,'BC56X70 Pleg.blanco reverso gris ','56',70,110000,14,1928340,2174,15,NULL,'2016-06-28 19:53:12','',1,NULL),(49,4,4,40,'BC56X90 Pleg.blanco reverso gris ','56',90,110000,14,1928340,2174,15,NULL,'2016-06-28 19:53:12','',1,NULL),(50,3,3,40,'MK120 micro kraft rev. kraft ','100',NULL,0,14,967,1,15,NULL,'2016-06-28 19:53:12','',1,NULL),(51,4,4,40,'MKE3X Corr. micro kraft rev. kraft ','2',NULL,110000,14,1350560,1396,15,NULL,'2016-06-28 19:53:12','',1,NULL),(52,4,4,40,'MKE3XMKE3 Corr. micro kraft rev. kraft ','2',NULL,110000,14,1350560,1396,15,NULL,'2016-06-28 19:53:12','',1,NULL),(53,4,4,40,'MKE3X Corr. micro kraft rev. kraft ','2',NULL,110000,14,1350560,1396,15,NULL,'2016-06-28 19:53:12','',1,NULL),(55,4,4,40,'MKE3X Corr. micro kraft rev. kraft ','2',NULL,110000,14,1350560,1396,15,NULL,'2016-06-28 19:53:12','',1,NULL),(57,4,4,40,'- Corr. micro bco. rev. kraft ','120',NULL,0,14,1192,1,14,NULL,'2016-06-28 19:53:12','',1,NULL),(58,4,4,40,'MBE3XMBE3 Corr. micro bco. rev. kraft ','2',NULL,110000,14,1670390,1396,15,NULL,'2016-06-28 19:53:12','',1,NULL),(61,4,4,40,'MBE3X Corr. micro bco. rev. kraft ','2',NULL,110000,14,1670390,1396,15,NULL,'2016-06-28 19:53:12','',1,NULL),(62,4,4,40,'BC30X60 Pleg.blanco reverso gris ','30',60,110000,14,566,1,15,NULL,'2016-06-28 19:53:12','',1,4000),(63,4,4,40,'BC30X70 Pleg.blanco reverso gris ','30',70,97900,14,2014960,4000,15,NULL,'2016-06-28 19:53:12','',1,NULL),(64,4,4,40,'BC36X35 Pleg.blanco reverso gris ','30',35,97900,14,1916710,3413,15,NULL,'2016-06-28 19:53:12','',1,NULL),(65,4,4,40,'BC36X60 Pleg.blanco reverso gris ','36',60,97900,14,1916710,3413,15,NULL,'2016-06-28 19:53:12','',1,NULL),(66,4,4,40,'BC40X40 Pleg.blanco reverso gris ','40',40,97900,14,1834690,3086,15,NULL,'2016-06-28 19:53:12','',1,NULL),(67,4,4,40,'BC40X55 Pleg.blanco reverso gris ','40',55,97900,14,1834690,3086,15,NULL,'2016-06-28 19:53:12','',1,NULL),(68,4,4,40,'BC40X50 Pleg.blanco reverso gris ','40',50,97900,14,1834690,3086,15,NULL,'2016-06-28 19:53:12','',1,NULL),(69,4,4,40,'BC40X53 Pleg.blanco reverso gris ','40',53,97900,14,1834690,3086,15,NULL,'2016-06-28 19:53:12','',1,NULL),(70,4,4,40,'BC40X61 Pleg.blanco reverso gris ','40',61,97900,14,1834690,3086,15,NULL,'2016-06-28 19:53:12','',1,NULL),(71,4,4,40,'BC40X70 Pleg.blanco reverso gris ','40',70,97900,14,1834690,3086,15,NULL,'2016-06-28 19:53:12','',1,3086),(72,4,4,40,'BC40X90 Pleg.blanco reverso gris ','40',90,97900,14,1834690,3086,15,NULL,'2016-06-28 19:53:12','',1,NULL),(73,4,4,40,'BC48X35 Pleg.blanco reverso gris ','48',35,97900,14,1796580,2625,15,NULL,'2016-06-28 19:53:12','',1,NULL),(74,4,4,40,'BC48X40 Pleg.blanco reverso gris ','48',40,97900,14,1796580,2625,15,NULL,'2016-06-28 19:53:12','',1,NULL),(75,4,4,40,'BC48X47 Pleg.blanco reverso gris ','48',47,97900,14,1796580,2625,15,NULL,'2016-06-28 19:53:12','',1,NULL),(76,4,4,40,'BC48X49 Pleg.blanco reverso gris ','48',49,97900,14,1796580,2625,15,NULL,'2016-06-28 19:53:12','',1,NULL),(77,4,4,40,'BC48X52.5 Pleg.blanco reverso gris ','48',52.5,97900,14,1796580,2625,15,NULL,'2016-06-28 19:53:12','',1,NULL),(78,4,4,40,'BC48X53.5 Pleg.blanco reverso gris ','48',53.5,97900,14,1796580,2625,15,NULL,'2016-06-28 19:53:12','',1,NULL),(79,4,4,40,'BC48X56 Pleg.blanco reverso gris ','48',56,97900,14,1796580,2625,15,NULL,'2016-06-28 19:53:12','',1,NULL),(80,4,4,40,'BC48X58 Pleg.blanco reverso gris ','48',58,97900,14,1796580,2625,15,NULL,'2016-06-28 19:53:12','',1,NULL),(81,4,4,40,'BC48X60 Pleg.blanco reverso gris ','48',60,97900,14,1796580,2625,15,NULL,'2016-06-28 19:53:12','',1,NULL),(82,4,4,40,'BC48X65 Pleg.blanco reverso gris ','48',65,97900,14,1796580,2625,15,NULL,'2016-06-28 19:53:12','',1,NULL),(83,4,4,40,'BC48X70 Pleg.blanco reverso gris ','48',70,97900,14,1796580,2564,15,NULL,'2016-06-28 19:53:12','',1,2564),(84,4,4,40,'BC48X80 Pleg.blanco reverso gris ','48',80,97900,14,1796580,2625,15,NULL,'2016-06-28 19:53:12','',1,NULL),(85,4,4,40,'BC48X90 Pleg.blanco reverso gris ','48',90,97900,14,1796580,2625,15,NULL,'2016-06-28 19:53:12','',1,NULL),(86,4,4,40,'WA30X60 Pleg.blanco reverso gris ','30',60,110000,14,1799930,3846,15,NULL,'2016-06-28 19:53:12','',1,NULL),(87,4,4,40,'WA30X70 Pleg.blanco reverso gris ','30',70,110000,14,1799930,3846,15,NULL,'2016-06-28 19:53:12','',1,NULL),(88,4,4,40,'WA36X60 Pleg.blanco reverso gris ','36',60,110000,14,1701800,3279,15,NULL,'2016-06-28 19:53:12','',1,NULL),(89,4,4,40,'WA36X70 Pleg.blanco reverso gris ','36',70,110000,14,1701800,3279,15,NULL,'2016-06-28 19:53:12','',1,NULL),(90,4,4,40,'WA40X50 Pleg.blanco reverso gris ','40',50,110000,14,1650700,2985,15,NULL,'2016-06-28 19:53:12','',1,NULL),(91,4,4,40,'WA40X70 Pleg.blanco reverso gris ','40',70,110000,14,1650700,2985,15,NULL,'2016-06-28 19:53:12','',1,NULL),(92,4,4,40,'WA48X44 Pleg.blanco reverso gris ','48',44,110000,14,1620450,2564,15,NULL,'2016-06-28 19:53:12','',1,NULL),(93,4,4,40,'WA48X47 Pleg.blanco reverso gris ','48',47,110000,14,1620450,2564,15,NULL,'2016-06-28 19:53:12','',1,NULL),(94,4,4,40,'WA48X49 Pleg.blanco reverso gris ','48',49,110000,14,1620450,2564,15,NULL,'2016-06-28 19:53:12','',1,NULL),(95,4,4,40,'WA48X52.5 Pleg.blanco reverso gris ','48',52.5,110000,14,1620450,2564,15,NULL,'2016-06-28 19:53:12','',1,NULL),(96,4,4,40,'WA48X56 Pleg.blanco reverso gris ','48',56,110000,14,1620450,2564,15,NULL,'2016-06-28 19:53:12','',1,NULL),(97,4,4,40,'WA48X57.5 Pleg.blanco reverso gris ','48',57.5,110000,14,1620450,2564,15,NULL,'2016-06-28 19:53:12','',1,NULL),(98,4,4,40,'WA48X60 Pleg.blanco reverso gris ','48',60,110000,14,1620450,2564,15,NULL,'2016-06-28 19:53:12','',1,NULL),(99,4,4,40,'WA48X65 Pleg.blanco reverso gris ','48',65,110000,14,1620450,2564,15,NULL,'2016-06-28 19:53:12','',1,NULL),(100,4,4,40,'WA48X70 Pleg.blanco reverso gris ','48',70,110000,14,1620450,2564,15,NULL,'2016-06-28 19:53:12','',1,NULL),(101,4,4,40,'BC30X20 Pleg.blanco reverso gris ','30',20,110000,14,1459900,4000,14,NULL,'2016-06-28 19:53:12','',1,4000),(102,4,4,40,'BC30X25 Pleg.blanco reverso gris ','30',25,110000,14,1459900,4000,15,NULL,'2016-06-28 19:53:12','',1,NULL),(103,4,4,40,'BC30X30 Pleg.blanco reverso gris ','30',30,110000,14,600,1,15,NULL,'2016-06-28 19:53:12','',1,4000),(104,4,4,40,'BC36X20 Pleg.blanco reverso gris ','36',20,110000,14,1459900,3413,15,NULL,'2016-06-28 19:53:12','',1,NULL),(105,4,4,40,'BC36X25 Pleg.blanco reverso gris ','36',25,110000,14,1459900,3413,15,NULL,'2016-06-28 19:53:12','',1,NULL),(106,4,4,40,'BC36X30 Pleg.blanco reverso gris ','36',30,110000,14,1459900,3413,15,NULL,'2016-06-28 19:53:12','',1,NULL),(107,4,4,40,'BC40X20 Pleg.blanco reverso gris ','40',20,110000,14,1459900,3086,15,NULL,'2016-06-28 19:53:12','',1,NULL),(108,4,4,40,'BC40X25 Pleg.blanco reverso gris ','40',25,110000,14,1459900,3086,15,NULL,'2016-06-28 19:53:12','',1,NULL),(109,4,4,40,'BC40X30 Pleg.blanco reverso gris ','40',30,110000,14,1459900,3086,15,NULL,'2016-06-28 19:53:12','',1,NULL),(110,4,4,40,'BC48X20 Pleg.blanco reverso gris ','48',20,110000,14,1459900,2625,15,NULL,'2016-06-28 19:53:12','',1,NULL),(111,4,4,40,'BC48X25 Pleg.blanco reverso gris ','48',25,110000,14,1459900,2625,15,NULL,'2016-06-28 19:53:12','',1,NULL),(112,4,4,40,'BC48X30 Pleg.blanco reverso gris ','48',30,110000,14,1459900,2625,15,NULL,'2016-06-28 19:53:12','',1,NULL),(113,4,4,40,'BC56X25 Pleg.blanco reverso gris ','58',25,110000,14,1459900,2273,15,NULL,'2016-06-28 19:53:12','',1,NULL),(114,4,4,40,'PB44X105 Pleg.blanco reves blanco ','44',105,110000,14,0,3078,15,NULL,'2016-06-28 19:53:12','',1,NULL),(115,4,4,40,'PB44X88 Pleg.blanco reves blanco ','44',88,110000,14,0,3078,15,NULL,'2016-06-28 19:53:12','',1,NULL),(116,4,4,40,'PB44X70 Pleg.blanco reves blanco ','44',70,110000,14,0,3078,15,NULL,'2016-06-28 19:53:12','',1,NULL),(117,4,4,41,'VIPAC CALIBRE 80 ','80',NULL,0,21,7900,13.338,14,NULL,'2016-06-28 19:53:12','',1,NULL),(118,4,4,40,'C2K Corrug.Kraft reverso kraft ','2',NULL,110000,21,1123,1,14,NULL,'2016-06-28 19:53:12','',1,NULL),(119,4,4,40,'C4K Corrug.Kraft reverso kraft ','4',NULL,110000,21,1354,1,14,NULL,'2016-06-28 19:53:12','',1,NULL),(120,4,4,40,'C6K Corrug.Kraft reverso kraft ','6',NULL,110000,21,1539,1,14,NULL,'2016-06-28 19:53:12','',1,NULL),(121,4,4,40,'S5K Corrug.Kraft reverso kraft ','5',NULL,110000,21,1747,1,14,NULL,'2016-06-28 19:53:12','',1,NULL),(122,4,4,40,'S7K Corrug.Kraft reverso kraft ','7',NULL,110000,21,2041,1,14,NULL,'2016-06-28 19:53:12','',1,NULL),(123,4,4,40,'S9K Corrug.Kraft reverso kraft ','9',NULL,110000,21,2227,1,14,NULL,'2016-06-28 19:53:12','',1,NULL),(124,4,4,40,'XEK Corrug.Kraft reverso kraft doble ',NULL,NULL,110000,21,0,1,14,NULL,'2016-06-28 19:53:12','',1,NULL),(125,4,4,40,'C4B Corrug.Kraft reverso blanco ','4',NULL,110000,21,1725,1,14,NULL,'2016-06-28 19:53:12','',1,NULL),(126,4,4,42,'Pegante Plegadizo ',NULL,NULL,0,21,2189.3,260,14,NULL,'2016-06-28 19:53:12','',1,NULL),(127,4,4,42,'Pegante Micro ',NULL,NULL,0,21,2189.3,17.07,14,NULL,'2016-06-28 19:53:12','',1,NULL),(128,4,4,43,'Plástico Original CALIBRE 40',NULL,NULL,0,21,6720,75.87,15,NULL,'2016-06-28 19:53:12','',1,NULL),(129,4,4,43,'Plástico Lechoso ',NULL,NULL,0,21,7245,569610,15,NULL,'2016-06-28 19:53:12','',1,NULL),(130,4,4,43,'Aluminizado ',NULL,NULL,0,21,17115,296865,15,NULL,'2016-06-28 19:53:12','',1,NULL),(131,4,4,43,'Plástico Original CALIBRE 50',NULL,NULL,0,21,6720,758700,15,NULL,'2016-06-28 19:53:12','',1,NULL),(132,4,4,43,'Brillo U.V. ',NULL,NULL,0,21,1815,195030,15,NULL,'2016-06-28 19:53:12','',1,NULL),(133,4,4,43,'Plastico Mate ',NULL,NULL,0,21,14490,576000,15,NULL,'2016-06-28 19:53:12','',1,NULL),(134,4,4,46,'Acacias ',NULL,NULL,12000,21,400,1,21,NULL,'2016-06-28 19:53:12','',1,NULL),(135,4,4,46,'Aguachica ',NULL,NULL,22000,21,733,1,21,NULL,'2016-06-28 19:53:12','',1,NULL),(136,4,4,46,'Barranquilla ',NULL,NULL,17000,21,567,1,21,NULL,'2016-06-28 19:53:12','',1,NULL),(137,4,4,46,'Bogota1 ',NULL,NULL,0,21,0,1,21,NULL,'2016-06-28 19:53:12','',1,NULL),(138,4,4,46,'Bogota2 ',NULL,NULL,0,21,0,1,21,NULL,'2016-06-28 19:53:12','',1,NULL),(139,4,4,46,'Bogota3 ',NULL,NULL,0,21,0,1,21,NULL,'2016-06-28 19:53:12','',1,NULL),(140,4,4,46,'Bucaramanga ',NULL,NULL,9000,21,300,1,21,NULL,'2016-06-28 19:53:12','',1,NULL),(141,4,4,46,'Buenaventura ',NULL,NULL,18000,21,600,1,21,NULL,'2016-06-28 19:53:12','',1,NULL),(142,4,4,46,'Barrancabermeja ',NULL,NULL,18000,21,600,1,21,NULL,'2016-06-28 19:53:12','',1,NULL),(143,4,4,46,'Calarca ',NULL,NULL,11000,21,367,1,21,NULL,'2016-06-28 19:53:12','',1,NULL),(144,4,4,46,'Cali ',NULL,NULL,9000,21,300,1,21,NULL,'2016-06-28 19:53:12','',1,NULL),(145,4,4,46,'Cart.mosquera ',NULL,NULL,0,21,0,1,21,NULL,'2016-06-28 19:53:12','',1,NULL),(146,4,4,46,'Cartagena ',NULL,NULL,19500,21,650,1,21,NULL,'2016-06-28 19:53:12','',1,NULL),(147,4,4,46,'Chia ',NULL,NULL,9000,21,300,1,21,NULL,'2016-06-28 19:53:12','',1,NULL),(148,4,4,46,'Chinchina ',NULL,NULL,16500,21,550,1,21,NULL,'2016-06-28 19:53:12','',1,NULL),(149,4,4,46,'Chiquinquira ',NULL,NULL,9000,21,300,1,21,NULL,'2016-06-28 19:53:12','',1,NULL),(150,4,4,46,'Cucuta ',NULL,NULL,17000,21,567,1,21,NULL,'2016-06-28 19:53:12','',1,NULL),(151,4,4,46,'Cumaral ',NULL,NULL,19000,21,633,1,21,NULL,'2016-06-28 19:53:12','',1,NULL),(152,4,4,46,'Dorada ',NULL,NULL,14500,21,483,1,21,NULL,'2016-06-28 19:53:12','',1,NULL),(153,4,4,46,'Duitama ',NULL,NULL,10000,21,333,1,21,NULL,'2016-06-28 19:53:12','',1,NULL),(154,4,4,46,'El espinal ',NULL,NULL,10000,21,333,1,21,NULL,'2016-06-28 19:53:12','',1,NULL),(155,4,4,46,'Florencia (caq) ',NULL,NULL,19000,21,633,1,21,NULL,'2016-06-28 19:53:12','',1,NULL),(156,4,4,46,'Funza ',NULL,NULL,9000,21,300,1,21,NULL,'2016-06-28 19:53:12','',1,NULL),(157,4,4,46,'Fusagasuga ',NULL,NULL,12000,21,400,1,21,NULL,'2016-06-28 19:53:12','',1,NULL),(158,4,4,46,'Girardot ',NULL,NULL,9000,21,300,1,21,NULL,'2016-06-28 19:53:12','',1,NULL),(159,4,4,46,'Guaduas ',NULL,NULL,14000,21,467,1,21,NULL,'2016-06-28 19:53:12','',1,NULL),(160,4,4,46,'Guamo ',NULL,NULL,14000,21,467,1,21,NULL,'2016-06-28 19:53:12','',1,NULL),(161,4,4,46,'Honda ',NULL,NULL,11500,21,417,1,21,NULL,'2016-06-28 19:53:12','',1,NULL),(162,4,4,46,'Ibague ',NULL,NULL,9000,21,300,1,21,NULL,'2016-06-28 19:53:12','',1,NULL),(163,4,4,46,'Ipiales ',NULL,NULL,25000,21,833,1,21,NULL,'2016-06-28 19:53:12','',1,NULL),(164,4,4,46,'La calera ',NULL,NULL,9000,21,300,1,21,NULL,'2016-06-28 19:53:12','',1,NULL),(165,4,4,46,'Manizales ',NULL,NULL,11000,21,367,1,21,NULL,'2016-06-28 19:53:12','',1,NULL),(166,4,4,46,'Medellin ',NULL,NULL,0,21,300,1,21,NULL,'2016-06-28 19:53:12','',1,NULL),(167,4,4,46,'Melgar ',NULL,NULL,12000,21,400,1,21,NULL,'2016-06-28 19:53:12','',1,NULL),(168,4,4,46,'Montería ',NULL,NULL,22000,21,733,1,21,NULL,'2016-06-28 19:53:12','',1,NULL),(169,4,4,46,'Neiva ',NULL,NULL,9000,21,300,1,21,NULL,'2016-06-28 19:53:12','',1,NULL),(170,4,4,46,'Ocaña ',NULL,NULL,24000,21,800,1,21,NULL,'2016-06-28 19:53:12','',1,NULL),(171,4,4,46,'Paipa ',NULL,NULL,9000,21,300,1,21,NULL,'2016-06-28 19:53:12','',1,NULL),(172,4,4,46,'Palmira ',NULL,NULL,12500,21,417,1,21,NULL,'2016-06-28 19:53:12','',1,NULL),(173,4,4,46,'Pamplona ',NULL,NULL,0,21,650,1,21,NULL,'2016-06-28 19:53:12','',1,NULL),(174,4,4,46,'Pasto ',NULL,NULL,0,21,700,1,21,NULL,'2016-06-28 19:53:12','',1,NULL),(175,4,4,46,'Pereira ',NULL,NULL,0,21,300,1,21,NULL,'2016-06-28 19:53:12','',1,NULL),(176,4,4,46,'Piedecuesta ',NULL,NULL,0,21,300,1,21,NULL,'2016-06-28 19:53:12','',1,NULL),(177,4,4,46,'Popayan ',NULL,NULL,0,21,633,1,21,NULL,'2016-06-28 19:53:12','',1,NULL),(178,4,4,46,'San Martin ',NULL,NULL,0,21,1000,1,21,NULL,'2016-06-28 19:53:12','',1,NULL),(179,4,4,46,'Santa Marta ',NULL,NULL,0,21,733,1,21,NULL,'2016-06-28 19:53:12','',1,NULL),(180,4,4,46,'Santa Rosa de Cabal ',NULL,NULL,0,21,533,1,21,NULL,'2016-06-28 19:53:12','',1,NULL),(181,4,4,46,'Sincelejo ',NULL,NULL,0,21,783,1,21,NULL,'2016-06-28 19:53:12','',1,NULL),(182,4,4,46,'Socorro ',NULL,NULL,0,21,466,1,21,NULL,'2016-06-28 19:53:12','',1,NULL),(183,4,4,46,'Sogamoso ',NULL,NULL,0,21,333,1,21,NULL,'2016-06-28 19:53:12','',1,NULL),(184,4,4,46,'Sopo ',NULL,NULL,0,21,300,1,21,NULL,'2016-06-28 19:53:12','',1,NULL),(185,4,4,46,'Tulua ',NULL,NULL,0,21,633,1,21,NULL,'2016-06-28 19:53:12','',1,NULL),(186,4,4,46,'Tunja ',NULL,NULL,0,21,300,1,21,NULL,'2016-06-28 19:53:12','',1,NULL),(187,4,4,46,'Ubate ',NULL,NULL,0,21,400,1,21,NULL,'2016-06-28 19:53:12','',1,NULL),(188,4,4,46,'Villavicencio ',NULL,NULL,0,21,316,1,21,NULL,'2016-06-28 19:53:12','',1,NULL),(189,4,4,46,'Villeta ',NULL,NULL,0,21,533,1,21,NULL,'2016-06-28 19:53:12','',1,NULL),(190,4,4,46,'Yopal ',NULL,NULL,0,21,400,1,21,NULL,'2016-06-28 19:53:12','',1,NULL),(191,4,4,46,'Valledupar ',NULL,NULL,0,21,883,1,21,NULL,'2016-06-28 19:53:12','',1,NULL),(192,4,4,46,'Cajica ',NULL,NULL,9000,21,300,1,21,NULL,'2016-06-28 19:53:12','',1,NULL),(193,4,4,46,'Cota ',NULL,NULL,9000,21,300,1,21,NULL,'2016-06-28 19:53:12','',1,NULL),(195,4,4,46,'Madrid ',NULL,NULL,9000,21,300,1,21,NULL,'2016-06-28 19:53:12','',1,NULL),(196,4,4,46,'Mosquera ',NULL,NULL,9000,21,300,1,21,NULL,'2016-06-28 19:53:12','',1,NULL),(197,4,4,46,'San Mateo ',NULL,NULL,0,21,0,1,21,NULL,'2016-06-28 19:53:12','',1,NULL),(198,4,4,46,'Soacha ',NULL,NULL,0,21,0,1,21,NULL,'2016-06-28 19:53:12','',1,NULL),(199,4,4,46,'Tabio ',NULL,NULL,0,21,333,1,21,NULL,'2016-06-28 19:53:12','',1,NULL),(200,4,4,46,'Tenjo ',NULL,NULL,0,21,333,1,21,NULL,'2016-06-28 19:53:12','',1,NULL),(201,4,4,46,'Zipaquira ',NULL,NULL,0,21,300,1,21,NULL,'2016-06-28 19:53:12','',1,NULL);
/*!40000 ALTER TABLE `insumo` ENABLE KEYS */;
UNLOCK TABLES;

--
-- Dumping data for table `maquina`
--

LOCK TABLES `maquina` WRITE;
/*!40000 ALTER TABLE `maquina` DISABLE KEYS */;
INSERT INTO `maquina` (`idmaquina`, `codigo`, `nombre`, `empresa_idempresa`, `itemlista_iditemlistas_tipo`, `areaancho`, `arealargo`, `turnos`, `consumonominal`, `largomaxmp`, `largominmp`, `anchomaxmp`, `anchominmp`, `fechacreacion`, `activo`, `numerotintas`, `valorplancha`) VALUES (1,'C1','CONVERTIDORA GRANDE NACAM',1,9,4,5,1,0.62,114,53,105,20,'2016-06-28 19:52:36','',NULL,NULL),(2,'C2','CONVERTIDORA NEGRA LITOGRAF',1,9,4,5,1,0.62,98,36,53.5,19,'2016-06-28 19:52:36','',NULL,NULL),(3,'C3','CONVERTIDORA VERDE',1,9,4,5,1,0.51,115,55,65,19,'2016-06-28 19:52:36','',NULL,NULL),(4,'G1','GUILLOTINADO',1,8,2,3,1,4,107,3,105,3,'2016-06-28 19:52:36','',NULL,NULL),(5,'P1','PLASTIFICADORA 1',1,10,4.81,3,1.2,6.35,110,20,72,20,'2016-06-28 19:52:36','',NULL,NULL),(6,'P2','PLASTIFICADORA 2',1,10,4.81,3,0,6.35,116,20,72,20,'2016-06-28 19:52:36','',NULL,NULL),(7,'L1','LITOGRAFICA MILLER ',1,6,5.6,3.5,1,4.83,103,45,70,32,'2016-06-28 19:52:36','',2,48000),(8,'L2','LITOGRAFICA BICOLOR',1,6,3.5,5.5,2,6.62,75,36,50,25,'2016-06-28 19:52:36','',2,26000),(9,'L3','LITOGRAFICA ROLAND BICOLOR',1,6,3.1,5.5,1,2.08,92,45,65,30,'2016-06-28 19:52:36','',2,48000),(10,'L4','LITOGRAFICA ROLAND 4 COLORES',1,6,4.1,13.1,1.5,38,103,45,70,30,'2016-06-28 19:52:36','',4,48000),(11,'L5','LITOGRAFICA NEVIOLO',1,6,8.64,3,0,6.15,60,20,45,26,'2016-06-28 19:52:36','',1,26000),(12,'T1','TROQUELADO SIMPLACUTTER',1,7,2.2,4,2,0.74,75,20,55,20,'2016-06-28 19:52:36','',NULL,NULL),(13,'T2','TROQULADDO TROQUIMAX',1,7,2,4,1,1.27,65,20,45,20,'2016-06-28 19:52:36','',NULL,NULL),(14,'T3','TROQUELADO ECONOCUT',1,7,2.7,4,2,0.74,92,20,68,20,'2016-06-28 19:52:36','',NULL,NULL),(15,'T4','TROQUELADO CROSSLAND',1,7,2.9,4,2,0.88,102,20,70,20,'2016-06-28 19:52:36','',NULL,NULL),(16,'T5','TROQULADDO POLYGRAPH',1,7,3,4,0,0.6,62,20,35,20,'2016-06-28 19:52:36','',NULL,NULL),(17,'T6','TROQULEADO AUT1',1,7,5.5,4.5,1,6.69,103,40,70,40,'2016-06-28 19:52:36','',NULL,NULL),(18,'T7','TROQUELADO AUT2 ',1,7,2.7,5,1,4,86,32,64,32,'2016-06-28 19:52:36','',NULL,NULL),(19,'PE','PEGUE MAQUINA',1,11,2,25.45,1.5,0.8,100,20,60,20,'2016-06-28 19:52:36','',NULL,NULL),(20,'PM','PEGUE MANUAL',1,11,2,4.25,1,0,103,3,70,3,'2016-06-28 19:52:36','',NULL,NULL),(21,'CO','COLAMINADO',1,12,2,5.85,1,1.12,103,20,80,20,'2016-06-28 19:52:36','',NULL,NULL);
/*!40000 ALTER TABLE `maquina` ENABLE KEYS */;
UNLOCK TABLES;

--
-- Dumping data for table `maquinadatosperiodos`
--

LOCK TABLES `maquinadatosperiodos` WRITE;
/*!40000 ALTER TABLE `maquinadatosperiodos` DISABLE KEYS */;
INSERT INTO `maquinadatosperiodos` (`idmaquinadatosperiodos`, `periodo_idPeriodo`, `avaluocomercial`, `presupuesto`, `tiempomtto`, `maquina_idmaquina`, `maquina_empresa_idempresa`, `activo`) VALUES (1,1,15000000,95505200,48,1,1,''),(2,2,43000000,95505200,128,1,1,''),(3,1,8000000,65389600,48,2,1,''),(4,2,36000000,65389600,128,2,1,''),(5,1,5000000,61844600,48,3,1,''),(6,2,33000000,61844600,128,3,1,''),(7,1,25000000,50921000,48,4,1,''),(8,2,33400000,50921000,128,4,1,''),(9,1,10000000,61008500,48,5,1,''),(10,2,30202000,61008500,128,5,1,''),(11,1,10000000,61008500,48,6,1,''),(12,2,30202000,61008500,128,6,1,''),(13,1,70000000,86688600,48,7,1,''),(14,2,97440000,86688600,128,7,1,''),(15,1,105000000,123138000,48,8,1,''),(16,2,131950000,123138000,128,8,1,''),(17,1,23500000,41130600,48,9,1,''),(18,2,131950000,123138000,128,9,1,''),(19,1,130000000,141586000,48,10,1,''),(20,2,205194000,141586000,128,10,1,''),(21,1,25000000,0,48,11,1,''),(22,2,47370000,41130600,128,11,1,''),(23,1,3000000,92830900,48,12,1,''),(24,2,15320000,92830900,128,12,1,''),(25,1,15000000,62022900,48,13,1,''),(26,2,0,62022900,128,13,1,''),(27,1,40000000,105778000,48,14,1,''),(28,2,55120000,105778000,128,14,1,''),(29,1,50000000,114846000,48,15,1,''),(30,2,66240000,114846000,128,15,1,''),(31,1,20000000,114846000,48,16,1,''),(32,2,26200000,0,128,16,1,''),(33,1,130000000,69742800,48,17,1,''),(34,2,164650000,69742800,128,17,1,''),(35,1,30000000,58418600,48,18,1,''),(36,2,48900000,58418600,128,18,1,''),(37,1,75000000,106782000,48,19,1,''),(38,2,146260000,106782000,128,19,1,''),(39,1,1,94843200,48,20,1,''),(40,2,11900000,92036200,128,20,1,''),(41,1,2000000,32273800,48,21,1,''),(42,2,18380000,32273800,128,21,1,'');
/*!40000 ALTER TABLE `maquinadatosperiodos` ENABLE KEYS */;
UNLOCK TABLES;

--
-- Dumping data for table `maquinavariprod`
--

LOCK TABLES `maquinavariprod` WRITE;
/*!40000 ALTER TABLE `maquinavariprod` DISABLE KEYS */;
INSERT INTO `maquinavariprod` (`idVariacion`, `produccioncant`, `itemlista_iditemlista_produnimed`, `tiempoalistamiento`, `maquina_idmaquina`, `maquina_empresa_idempresa`, `activo`, `nombre_variacion_produccion`) VALUES (1,371520,13,12,1,1,'','371520 ESTANDAR'),(2,234960,13,12,2,1,'','234960 ESTARDAR'),(3,396000,13,12,3,1,'','396000 ESTANDAR'),(4,25,16,10,4,1,'','25 ESTANDAR'),(5,53244,13,10,5,1,'','53244 ESTANDAR DERECHO'),(6,53244,13,10,6,1,'','x53244'),(7,65772,13,10,6,1,'','x65772'),(8,44370,13,10,6,1,'','x44370'),(9,600000,13,10,6,1,'','600000 ESTANDAR REVES'),(10,3000,17,25,7,1,'','3000 ESTANDAR'),(11,65772,13,10,7,1,'','x65772'),(12,44370,13,10,7,1,'','x44370'),(13,65772,13,10,7,1,'','x65772'),(14,3300,17,25,8,1,'','3300 ESTANDAR'),(15,2500,17,25,9,1,'','2500 ESTANDAR'),(16,3500,17,30,10,1,'','3500 ESTANDAR'),(17,2000,17,10,11,1,'','2000 ESTANDAR'),(18,1200,17,35,12,1,'','1200 ESTANDAR'),(19,1500,17,35,13,1,'','1500 ESTANDAR'),(20,1500,17,35,14,1,'','1500 ESTANDAR'),(21,1200,17,35,15,1,'','1200 ESTANDAR'),(22,1200,17,35,16,1,'','1200 ESTANDAR'),(23,3000,17,40,17,1,'','3000 ESTANDAR'),(24,2500,17,40,18,1,'','2500 ESTANDAR'),(25,35000,17,20,19,1,'','350000'),(26,7000,13,90,19,1,'','x7000x90'),(27,5000,13,90,19,1,'','x5000x90'),(28,1000,20,30,20,1,'','1000x30'),(29,833.33,20,1,20,1,'','Lx833.33x1'),(30,375,13,20,20,1,'','x375x20'),(31,625,13,20,20,1,'','x625x20'),(32,1667,20,20,20,1,'','1667x20'),(33,333.33,13,20,20,1,'','x333.33x20'),(34,541.66,13,20,20,1,'','x541.66x20'),(35,300,59,25,21,1,'','300 ESTANDAR');
/*!40000 ALTER TABLE `maquinavariprod` ENABLE KEYS */;
UNLOCK TABLES;

--
-- Dumping data for table `pantone`
--

LOCK TABLES `pantone` WRITE;
/*!40000 ALTER TABLE `pantone` DISABLE KEYS */;
INSERT INTO `pantone` (`idpantone`, `nombre`, `hex`, `r`, `g`, `b`, `valor`, `empresa_idempresa`) VALUES (1,'Yellow C','FEDD00',254,221,0,26250,1),(2,'Yellow 012 C','FFD700',255,215,0,26250,2),(3,'Orange 021 C','FE5000',254,80,0,26250,2),(4,'Warm Red C','F9423A',249,66,58,26250,2),(5,'Red 032 C','EF3340',239,51,64,26250,2),(6,'Rubine Red C','CE0058',206,0,88,26250,2),(7,'Rhodamine Red C','E10098',225,0,152,26250,2),(8,'Purple C','BB29BB',187,41,187,26250,2),(9,'Violet C','440099',68,0,153,26250,2),(10,'Blue 072 C','10069F',16,6,159,26250,2),(11,'Reflex Blue C','001489',0,20,137,26250,2),(12,'Process Blue C','0085CA',0,133,202,26250,2),(13,'Green C','00AB84',0,171,132,26250,2),(14,'Black C','2D2926',45,41,38,26250,2),(15,'Yellow 0131 C','F2F0A1',242,240,161,26250,2),(16,'Red 0331 C','FCAEBB',252,174,187,26250,2),(17,'Magenta 0521 C','F1B2DC',241,178,220,26250,2),(18,'Violet 0631 C','BF9BDE',191,155,222,26250,2),(19,'Blue 0821 C','74D1EA',116,209,234,26250,2),(20,'Green 0921 C','9DE7D7',157,231,215,26250,2),(21,'Black 0961 C','9E978E',158,151,142,26250,2),(22,'801 C','009ACE',0,154,206,26250,2),(23,'802 C','44D62C',68,214,44,26250,2),(24,'803 C','FFE900',255,233,0,26250,2),(25,'804 C','FFAA4D',255,170,77,26250,2),(26,'805 C','FF7276',255,114,118,26250,2),(27,'806 C','FF3EB5',255,62,181,26250,2),(28,'807 C','EA27C2',234,39,194,26250,2),(29,'871 C','84754E',132,117,78,26250,2),(30,'872 C','85714D',133,113,77,26250,2),(31,'873 C','866D4B',134,109,75,26250,2),(32,'874 C','8B6F4E',139,111,78,26250,2),(33,'875 C','87674F',135,103,79,26250,2),(34,'876 C','8B634B',139,99,75,26250,2),(35,'877 C','8A8D8F',138,141,143,26250,2),(36,'Medium Yellow C','FFD900',255,217,0,26250,2),(37,'Bright Orange C','FF5E00',255,94,0,26250,2),(38,'Bright Red C','F93822',249,56,34,26250,2),(39,'Strong Red C','CE0056',206,0,86,26250,2),(40,'Pink C','D62598',214,37,152,26250,2),(41,'Medium Purple C','4E008E',78,0,142,26250,2),(42,'Dark Blue C','00239C',0,35,156,26250,2),(43,'Medium Blue C','0084CA',0,132,202,26250,2),(44,'Bright Green C','00B08B',0,176,139,26250,2),(45,'Neutral Black C','222223',34,34,35,26250,2),(46,'100 C','F6EB61',246,235,97,26250,2),(47,'101 C','F7EA48',247,234,72,26250,2),(48,'102 C','FCE300',252,227,0,26250,2),(49,'103 C','C5A900',197,169,0,26250,2),(50,'104 C','AF9800',175,152,0,26250,2),(51,'105 C','897A27',137,122,39,26250,2),(52,'7401 C','F5E1A4',245,225,164,26250,2),(53,'7402 C','ECD898',236,216,152,26250,2),(54,'7403 C','EED484',238,212,132,26250,2),(55,'7404 C','F4DA40',244,218,64,26250,2),(56,'7405 C','F2CD00',242,205,0,26250,2),(57,'7406 C','F1C400',241,196,0,26250,2),(58,'7407 C','CBA052',203,160,82,26250,2),(59,'106 C','F9E547',249,229,71,26250,2),(60,'107 C','FBE122',251,225,34,26250,2),(61,'108 C','FEDB00',254,219,0,26250,2),(62,'109 C','FFD100',255,209,0,26250,2),(63,'110 C','DAAA00',218,170,0,26250,2),(64,'111 C','AA8A00',170,138,0,26250,2),(65,'112 C','9C8412',156,132,18,26250,2),(66,'113 C','FAE053',250,224,83,26250,2),(67,'114 C','FBDD40',251,221,64,26250,2),(68,'115 C','FDDA24',253,218,36,26250,2),(69,'116 C','FFCD00',255,205,0,26250,2),(70,'117 C','C99700',201,151,0,26250,2),(71,'118 C','AC8400',172,132,0,26250,2),(72,'119 C','897322',137,115,34,26250,2),(73,'127 C','F3DD6D',243,221,109,26250,2),(74,'128 C','F3D54E',243,213,78,26250,2),(75,'129 C','F3D03E',243,208,62,26250,2),(76,'130 C','F2A900',242,169,0,26250,2),(77,'131 C','CC8A00',204,138,0,26250,2),(78,'132 C','A07400',160,116,0,26250,2),(79,'133 C','6C571B',108,87,27,26250,2),(80,'1205 C','F8E08E',248,224,142,26250,2),(81,'1215 C','FBD872',251,216,114,26250,2),(82,'1225 C','FFC845',255,200,69,26250,2),(83,'1235 C','FFB81C',255,184,28,26250,2),(84,'1245 C','C69214',198,146,20,26250,2),(85,'1255 C','AD841F',173,132,31,26250,2),(86,'1265 C','886B25',136,107,37,26250,2),(87,'120 C','FBDB65',251,219,101,26250,2),(88,'121 C','FDD757',253,215,87,26250,2),(89,'122 C','FED141',254,209,65,26250,2),(90,'123 C','FFC72C',255,199,44,26250,2),(91,'124 C','EAAA00',234,170,0,26250,2),(92,'125 C','B58500',181,133,0,26250,2),(93,'126 C','9A7611',154,118,17,26250,2),(94,'7548 C','FFC600',255,198,0,26250,2),(95,'7549 C','FFB500',255,181,0,26250,2),(96,'7550 C','D19000',209,144,0,26250,2),(97,'7551 C','B47E00',180,126,0,26250,2),(98,'7552 C','73531D',115,83,29,26250,2),(99,'7553 C','5A4522',90,69,34,26250,2),(100,'7554 C','4B3D2A',75,61,42,26250,2),(101,'7555 C','D29F13',210,159,19,26250,2),(102,'7556 C','B78B20',183,139,32,26250,2),(103,'7557 C','9F7D23',159,125,35,26250,2),(104,'7558 C','967126',150,113,38,26250,2),(105,'7559 C','8F6A2A',143,106,42,26250,2),(106,'7560 C','7D622E',125,98,46,26250,2),(107,'7561 C','6C5D34',108,93,52,26250,2),(108,'134 C','FDD26E',253,210,110,26250,2),(109,'135 C','FFC658',255,198,88,26250,2),(110,'136 C','FFBF3F',255,191,63,26250,2),(111,'137 C','FFA300',255,163,0,26250,2),(112,'138 C','DE7C00',222,124,0,26250,2),(113,'139 C','AF6D04',175,109,4,26250,2),(114,'140 C','74531C',116,83,28,26250,2),(115,'1345 C','FDD086',253,208,134,26250,2),(116,'1355 C','FFC56E',255,197,110,26250,2),(117,'1365 C','FFB549',255,181,73,26250,2),(118,'1375 C','FF9E1B',255,158,27,26250,2),(119,'1385 C','D57800',213,120,0,26250,2),(120,'1395 C','996017',153,96,23,26250,2),(121,'1405 C','6E4C1E',110,76,30,26250,2),(122,'141 C','F2C75C',242,199,92,26250,2),(123,'142 C','F1BE48',241,190,72,26250,2),(124,'143 C','F1B434',241,180,52,26250,2),(125,'144 C','ED8B00',237,139,0,26250,2),(126,'145 C','CF7F00',207,127,0,26250,2),(127,'146 C','A76D11',167,109,17,26250,2),(128,'147 C','715C2A',113,92,42,26250,2),(129,'7408 C','F6BE00',246,190,0,26250,2),(130,'7409 C','F0B323',240,179,35,26250,2),(131,'7410 C','FEAD77',254,173,119,26250,2),(132,'7411 C','E6A65D',230,166,93,26250,2),(133,'7412 C','D38235',211,130,53,26250,2),(134,'7413 C','DC8633',220,134,51,26250,2),(135,'7414 C','C16C18',193,108,24,26250,2),(136,'7562 C','BD9B60',189,155,96,26250,2),(137,'7563 C','D69A2D',214,154,45,26250,2),(138,'7564 C','DB8A06',219,138,6,26250,2),(139,'7565 C','CD7925',205,121,37,26250,2),(140,'7566 C','AD6433',173,100,51,26250,2),(141,'7567 C','89532F',137,83,47,26250,2),(142,'7568 C','775135',119,81,53,26250,2),(143,'7569 C','D78825',215,136,37,26250,2),(144,'7570 C','D3832B',211,131,43,26250,2),(145,'7571 C','C67D30',198,125,48,26250,2),(146,'7572 C','B67233',182,114,51,26250,2),(147,'7573 C','A7662B',167,102,43,26250,2),(148,'7574 C','9E6A38',158,106,56,26250,2),(149,'7575 C','835D32',131,93,50,26250,2),(150,'712 C','FCC89B',252,200,155,26250,2),(151,'713 C','FDBE87',253,190,135,26250,2),(152,'714 C','FDAA63',253,170,99,26250,2),(153,'715 C','F68D2E',246,141,46,26250,2),(154,'716 C','EA7600',234,118,0,26250,2),(155,'717 C','D45D00',212,93,0,26250,2),(156,'718 C','BE4D00',190,77,0,26250,2),(157,'148 C','FECB8B',254,203,139,26250,2),(158,'149 C','FFC27B',255,194,123,26250,2),(159,'150 C','FFB25B',255,178,91,26250,2),(160,'151 C','FF8200',255,130,0,26250,2),(161,'152 C','E57200',229,114,0,26250,2),(162,'153 C','BE6A14',190,106,20,26250,2),(163,'154 C','9B5A1A',155,90,26,26250,2),(164,'155 C','EFD19F',239,209,159,26250,2),(165,'156 C','EFBE7D',239,190,125,26250,2),(166,'157 C','ECA154',236,161,84,26250,2),(167,'158 C','E87722',232,119,34,26250,2),(168,'159 C','CB6015',203,96,21,26250,2),(169,'160 C','A1561C',161,86,28,26250,2),(170,'161 C','603D20',96,61,32,26250,2),(171,'1485 C','FFAE62',255,174,98,26250,2),(172,'1495 C','FF8F1C',255,143,28,26250,2),(173,'1505 C','FF6900',255,105,0,26250,2),(174,'1525 C','B94700',185,71,0,26250,2),(175,'1535 C','94450B',148,69,11,26250,2),(176,'1545 C','653819',101,56,25,26250,2),(177,'1555 C','FFB990',255,185,144,26250,2),(178,'1565 C','FFA06A',255,160,106,26250,2),(179,'1575 C','FF7F32',255,127,50,26250,2),(180,'1585 C','FF6A13',255,106,19,26250,2),(181,'1595 C','D86018',216,96,24,26250,2),(182,'1605 C','A65523',166,85,35,26250,2),(183,'1615 C','8B4720',139,71,32,26250,2),(184,'162 C','FFBE9F',255,190,159,26250,2),(185,'163 C','FF9D6E',255,157,110,26250,2),(186,'164 C','FF7F41',255,127,65,26250,2),(187,'165 C','FF671F',255,103,31,26250,2),(188,'166 C','E35205',227,82,5,26250,2),(189,'167 C','BE531C',190,83,28,26250,2),(190,'168 C','73381D',115,56,29,26250,2),(191,'7576 C','DB864E',219,134,78,26250,2),(192,'7577 C','E07E3C',224,126,60,26250,2),(193,'7578 C','DC6B2F',220,107,47,26250,2),(194,'7579 C','DC582A',220,88,42,26250,2),(195,'7580 C','C05131',192,81,49,26250,2),(196,'7581 C','864A33',134,74,51,26250,2),(197,'7582 C','674736',103,71,54,26250,2),(198,'1625 C','FFA38B',255,163,139,26250,2),(199,'1635 C','FF8D6D',255,141,109,26250,2),(200,'1645 C','FF6A39',255,106,57,26250,2),(201,'1655 C','FC4C02',252,76,2,26250,2),(202,'1665 C','DC4405',220,68,5,26250,2),(203,'1675 C','A9431E',169,67,30,26250,2),(204,'1685 C','833921',131,57,33,26250,2),(205,'169 C','FFB3AB',255,179,171,26250,2),(206,'170 C','FF8674',255,134,116,26250,2),(207,'171 C','FF5C39',255,92,57,26250,2),(208,'172 C','FA4616',250,70,22,26250,2),(209,'173 C','CF4520',207,69,32,26250,2),(210,'174 C','963821',150,56,33,26250,2),(211,'175 C','6B3529',107,53,41,26250,2),(212,'7583 C','C4622D',196,98,45,26250,2),(213,'7584 C','BA5826',186,88,38,26250,2),(214,'7585 C','AF5C37',175,92,55,26250,2),(215,'7586 C','9E5330',158,83,48,26250,2),(216,'7587 C','924C2E',146,76,46,26250,2),(217,'7588 C','7B4D35',123,77,53,26250,2),(218,'7589 C','5C4738',92,71,56,26250,2),(219,'7590 C','D4B59E',212,181,158,26250,2),(220,'7591 C','C07D59',192,125,89,26250,2),(221,'7592 C','B15533',177,85,51,26250,2),(222,'7593 C','9D432C',157,67,44,26250,2),(223,'7594 C','7C3A2D',124,58,45,26250,2),(224,'7595 C','6B3D2E',107,61,46,26250,2),(225,'7596 C','5C3D31',92,61,49,26250,2),(226,'7597 C','D14124',209,65,36,26250,2),(227,'7598 C','BD472A',189,71,42,26250,2),(228,'7599 C','B33D26',179,61,38,26250,2),(229,'7600 C','8D3F2B',141,63,43,26250,2),(230,'7601 C','83412C',131,65,44,26250,2),(231,'7602 C','7B4931',123,73,49,26250,2),(232,'7603 C','674230',103,66,48,26250,2),(233,'7604 C','E4D5D3',228,213,211,26250,2),(234,'7605 C','E1BBB4',225,187,180,26250,2),(235,'7606 C','D6938A',214,147,138,26250,2),(236,'7607 C','C26E60',194,110,96,26250,2),(237,'7608 C','A4493D',164,73,61,26250,2),(238,'7609 C','823B34',130,59,52,26250,2),(239,'7610 C','683431',104,52,49,26250,2),(240,'7611 C','DDBCB0',221,188,176,26250,2),(241,'7612 C','CA9A8E',202,154,142,26250,2),(242,'7613 C','BC8A7E',188,138,126,26250,2),(243,'7614 C','A37F74',163,127,116,26250,2),(244,'7615 C','866761',134,103,97,26250,2),(245,'7616 C','6B4C4C',107,76,76,26250,2),(246,'7617 C','583D3E',88,61,62,26250,2),(247,'7520 C','EABEB0',234,190,176,26250,2),(248,'7521 C','C09C83',192,156,131,26250,2),(249,'7522 C','B46A55',180,106,85,26250,2),(250,'7523 C','AB5C57',171,92,87,26250,2),(251,'7524 C','A45248',164,82,72,26250,2),(252,'7525 C','9A6A4F',154,106,79,26250,2),(253,'7526 C','8A391B',138,57,27,26250,2),(254,'489 C','ECC3B2',236,195,178,26250,2),(255,'488 C','ECBAA8',236,186,168,26250,2),(256,'487 C','EAA794',234,167,148,26250,2),(257,'486 C','E8927C',232,146,124,26250,2),(258,'485 C','DA291C',218,41,28,26250,2),(259,'484 C','9A3324',154,51,36,26250,2),(260,'483 C','653024',101,48,36,26250,2),(261,'176 C','FFB1BB',255,177,187,26250,2),(262,'177 C','FF808B',255,128,139,26250,2),(263,'178 C','FF585D',255,88,93,26250,2),(264,'179 C','E03C31',224,60,49,26250,2),(265,'180 C','BE3A34',190,58,52,26250,2),(266,'181 C','81312F',129,49,47,26250,2),(267,'1765 C','FFA3B5',255,163,181,26250,2),(268,'1775 C','FF8DA1',255,141,161,26250,2),(269,'1785 C','F8485E',248,72,94,26250,2),(270,'1788 C','EE2737',238,39,55,26250,2),(271,'1795 C','D22630',210,38,48,26250,2),(272,'1805 C','AF272F',175,39,47,26250,2),(273,'1815 C','7C2529',124,37,41,26250,2),(274,'1767 C','FCAFC0',252,175,192,26250,2),(275,'1777 C','FB637E',251,99,126,26250,2),(276,'1787 C','F4364C',244,54,76,26250,2),(277,'1797 C','CB333B',203,51,59,26250,2),(278,'1807 C','A4343A',164,52,58,26250,2),(279,'1817 C','643335',100,51,53,26250,2),(280,'7618 C','C66E4E',198,110,78,26250,2),(281,'7619 C','C04C36',192,76,54,26250,2),(282,'7620 C','B7312C',183,49,44,26250,2),(283,'7621 C','AB2328',171,35,40,26250,2),(284,'7622 C','93272C',147,39,44,26250,2),(285,'7623 C','8A2A2B',138,42,43,26250,2),(286,'7624 C','802F2D',128,47,45,26250,2),(287,'7625 C','E1523D',225,82,61,26250,2),(288,'7626 C','C63527',198,53,39,26250,2),(289,'7627 C','A72B2A',167,43,42,26250,2),(290,'7628 C','9E2A2B',158,42,43,26250,2),(291,'7629 C','6D3332',109,51,50,26250,2),(292,'7630 C','633231',99,50,49,26250,2),(293,'7631 C','572D2D',87,45,45,26250,2),(294,'7415 C','E6BAA8',230,186,168,26250,2),(295,'7416 C','E56A54',229,106,84,26250,2),(296,'7417 C','E04E39',224,78,57,26250,2),(297,'7418 C','CD545B',205,84,91,26250,2),(298,'7419 C','B04A5A',176,74,90,26250,2),(299,'7420 C','9B2242',155,34,66,26250,2),(300,'7421 C','651D32',101,29,50,26250,2),(301,'182 C','FABBCB',250,187,203,26250,2),(302,'183 C','FC9BB3',252,155,179,26250,2),(303,'184 C','F65275',246,82,117,26250,2),(304,'185 C','E4002B',228,0,43,26250,2),(305,'186 C','C8102E',200,16,46,26250,2),(306,'187 C','A6192E',166,25,46,26250,2),(307,'188 C','76232F',118,35,47,26250,2),(308,'196 C','ECC7CD',236,199,205,26250,2),(309,'197 C','E89CAE',232,156,174,26250,2),(310,'198 C','DF4661',223,70,97,26250,2),(311,'199 C','D50032',213,0,50,26250,2),(312,'200 C','BA0C2F',186,12,47,26250,2),(313,'201 C','9D2235',157,34,53,26250,2),(314,'202 C','862633',134,38,51,26250,2),(315,'189 C','F8A3BC',248,163,188,26250,2),(316,'190 C','F67599',246,117,153,26250,2),(317,'191 C','EF426F',239,66,111,26250,2),(318,'192 C','E40046',228,0,70,26250,2),(319,'193 C','BF0D3E',191,13,62,26250,2),(320,'194 C','9B2743',155,39,67,26250,2),(321,'195 C','782F40',120,47,64,26250,2),(322,'1895 C','F5B6CD',245,182,205,26250,2),(323,'1905 C','F59BBB',245,155,187,26250,2),(324,'1915 C','EF4A81',239,74,129,26250,2),(325,'1925 C','E0004D',224,0,77,26250,2),(326,'1935 C','C5003E',197,0,62,26250,2),(327,'1945 C','A6093D',166,9,61,26250,2),(328,'1955 C','8A1538',138,21,56,26250,2),(329,'705 C','F5DADF',245,218,223,26250,2),(330,'706 C','F7CED7',247,206,215,26250,2),(331,'707 C','F9B5C4',249,181,196,26250,2),(332,'708 C','F890A5',248,144,165,26250,2),(333,'709 C','EF6079',239,96,121,26250,2),(334,'710 C','E03E52',224,62,82,26250,2),(335,'711 C','CB2C30',203,44,48,26250,2),(336,'698 C','F2D4D7',242,212,215,26250,2),(337,'699 C','F4C3CC',244,195,204,26250,2),(338,'700 C','F2ACB9',242,172,185,26250,2),(339,'701 C','E68699',230,134,153,26250,2),(340,'702 C','D25B73',210,91,115,26250,2),(341,'703 C','B83A4B',184,58,75,26250,2),(342,'704 C','9E2A2F',158,42,47,26250,2),(343,'203 C','ECB3CB',236,179,203,26250,2),(344,'204 C','E782A9',231,130,169,26250,2),(345,'205 C','E0457B',224,69,123,26250,2),(346,'206 C','CE0037',206,0,55,26250,2),(347,'207 C','A50034',165,0,52,26250,2),(348,'208 C','861F41',134,31,65,26250,2),(349,'209 C','6F263D',111,38,61,26250,2),(350,'210 C','F99FC9',249,159,201,26250,2),(351,'211 C','F57EB6',245,126,182,26250,2),(352,'212 C','F04E98',240,78,152,26250,2),(353,'213 C','E31C79',227,28,121,26250,2),(354,'214 C','CE0F69',206,15,105,26250,2),(355,'215 C','AC145A',172,20,90,26250,2),(356,'216 C','7D2248',125,34,72,26250,2),(357,'7422 C','F4CDD4',244,205,212,26250,2),(358,'7423 C','E06287',224,98,135,26250,2),(359,'7424 C','E24585',226,69,133,26250,2),(360,'7425 C','B52555',181,37,85,26250,2),(361,'7426 C','A4123F',164,18,63,26250,2),(362,'7427 C','971B2F',151,27,47,26250,2),(363,'7428 C','6A2C3E',106,44,62,26250,2),(364,'7632 C','D6C9CA',214,201,202,26250,2),(365,'7633 C','C4A4A7',196,164,167,26250,2),(366,'7634 C','C16784',193,103,132,26250,2),(367,'7635 C','C63663',198,54,99,26250,2),(368,'7636 C','BC204B',188,32,75,26250,2),(369,'7637 C','912F46',145,47,70,26250,2),(370,'7638 C','7E2D40',126,45,64,26250,2),(371,'217 C','EABEDB',234,190,219,26250,2),(372,'218 C','E56DB1',229,109,177,26250,2),(373,'219 C','DA1884',218,24,132,26250,2),(374,'220 C','A50050',165,0,80,26250,2),(375,'221 C','910048',145,0,72,26250,2),(376,'222 C','6C1D45',108,29,69,26250,2),(377,'7639 C','936D73',147,109,115,26250,2),(378,'7640 C','934054',147,64,84,26250,2),(379,'7641 C','8E2C48',142,44,72,26250,2),(380,'7642 C','732E4A',115,46,74,26250,2),(381,'7643 C','672E45',103,46,69,26250,2),(382,'7644 C','582D40',88,45,64,26250,2),(383,'7645 C','502B3A',80,43,58,26250,2),(384,'223 C','EF95CF',239,149,207,26250,2),(385,'224 C','EB6FBD',235,111,189,26250,2),(386,'225 C','DF1995',223,25,149,26250,2),(387,'226 C','D0006F',208,0,111,26250,2),(388,'227 C','AA0061',170,0,97,26250,2),(389,'228 C','890C58',137,12,88,26250,2),(390,'229 C','672146',103,33,70,26250,2),(391,'230 C','F4A6D7',244,166,215,26250,2),(392,'231 C','F277C6',242,119,198,26250,2),(393,'232 C','E93CAC',233,60,172,26250,2),(394,'233 C','C6007E',198,0,126,26250,2),(395,'234 C','A20067',162,0,103,26250,2),(396,'235 C','840B55',132,11,85,26250,2),(397,'670 C','EAD3E2',234,211,226,26250,2),(398,'671 C','E6BCD8',230,188,216,26250,2),(399,'672 C','DFA0C9',223,160,201,26250,2),(400,'673 C','D986BA',217,134,186,26250,2),(401,'674 C','C6579A',198,87,154,26250,2),(402,'675 C','AE2573',174,37,115,26250,2),(403,'676 C','960051',150,0,81,26250,2),(404,'677 C','E5CEDB',229,206,219,26250,2),(405,'678 C','E3C8D8',227,200,216,26250,2),(406,'679 C','DEBED2',222,190,210,26250,2),(407,'680 C','C996B6',201,150,182,26250,2),(408,'681 C','B06C96',176,108,150,26250,2),(409,'682 C','994878',153,72,120,26250,2),(410,'683 C','7C2855',124,40,85,26250,2),(411,'684 C','E4C6D4',228,198,212,26250,2),(412,'685 C','DCB6C9',220,182,201,26250,2),(413,'686 C','D0A1BA',208,161,186,26250,2),(414,'687 C','BE84A3',190,132,163,26250,2),(415,'688 C','A76389',167,99,137,26250,2),(416,'689 C','893B67',137,59,103,26250,2),(417,'690 C','612141',97,33,65,26250,2),(418,'510 C','EBBECB',235,190,203,26250,2),(419,'509 C','E8B3C3',232,179,195,26250,2),(420,'508 C','E4A9BB',228,169,187,26250,2),(421,'507 C','D592AA',213,146,170,26250,2),(422,'506 C','84344E',132,52,78,26250,2),(423,'505 C','6F2C3F',111,44,63,26250,2),(424,'504 C','572932',87,41,50,26250,2),(425,'7429 C','E2BCCB',226,188,203,26250,2),(426,'7430 C','DCA9BF',220,169,191,26250,2),(427,'7431 C','C9809E',201,128,158,26250,2),(428,'7432 C','B55C80',181,92,128,26250,2),(429,'7433 C','A73A64',167,58,100,26250,2),(430,'7434 C','9B3259',155,50,89,26250,2),(431,'7435 C','872651',135,38,81,26250,2),(432,'691 C','E9CDD0',233,205,208,26250,2),(433,'692 C','E4BEC3',228,190,195,26250,2),(434,'693 C','D7A3AB',215,163,171,26250,2),(435,'694 C','C48490',196,132,144,26250,2),(436,'695 C','B46B7A',180,107,122,26250,2),(437,'696 C','984856',152,72,86,26250,2),(438,'697 C','893C47',137,60,71,26250,2),(439,'496 C','F2C6CF',242,198,207,26250,2),(440,'495 C','F1BDC8',241,189,200,26250,2),(441,'494 C','E9A2B2',233,162,178,26250,2),(442,'493 C','DC8699',220,134,153,26250,2),(443,'492 C','8F3237',143,50,55,26250,2),(444,'491 C','7F3035',127,48,53,26250,2),(445,'490 C','5D2A2C',93,42,44,26250,2),(446,'503 C','E9C4C7',233,196,199,26250,2),(447,'502 C','E5BAC1',229,186,193,26250,2),(448,'501 C','DAA5AD',218,165,173,26250,2),(449,'500 C','C6858F',198,133,143,26250,2),(450,'499 C','7A3E3A',122,62,58,26250,2),(451,'498 C','6A3735',106,55,53,26250,2),(452,'497 C','512F2E',81,47,46,26250,2),(453,'5035 C','DFC2C3',223,194,195,26250,2),(454,'5025 C','DBB7BB',219,183,187,26250,2),(455,'5015 C','CCA1A6',204,161,166,26250,2),(456,'5005 C','B07C83',176,124,131,26250,2),(457,'4995 C','9C6169',156,97,105,26250,2),(458,'4985 C','874B52',135,75,82,26250,2),(459,'4975 C','3F2021',63,32,33,26250,2),(460,'236 C','F1A7DC',241,167,220,26250,2),(461,'237 C','EC86D0',236,134,208,26250,2),(462,'238 C','E45DBF',228,93,191,26250,2),(463,'239 C','DB3EB1',219,62,177,26250,2),(464,'240 C','C5299B',197,41,155,26250,2),(465,'241 C','AF1685',175,22,133,26250,2),(466,'242 C','80225F',128,34,95,26250,2),(467,'2365 C','EFBAE1',239,186,225,26250,2),(468,'2375 C','E277CD',226,119,205,26250,2),(469,'2385 C','D539B5',213,57,181,26250,2),(470,'2395 C','C800A1',200,0,161,26250,2),(471,'2405 C','B0008E',176,0,142,26250,2),(472,'2415 C','9E007E',158,0,126,26250,2),(473,'2425 C','830065',131,0,101,26250,2),(474,'243 C','EAB8E4',234,184,228,26250,2),(475,'244 C','E59BDC',229,155,220,26250,2),(476,'245 C','DD7FD3',221,127,211,26250,2),(477,'246 C','C724B1',199,36,177,26250,2),(478,'247 C','BB16A3',187,22,163,26250,2),(479,'248 C','A51890',165,24,144,26250,2),(480,'249 C','80276C',128,39,108,26250,2),(481,'7646 C','A56E87',165,110,135,26250,2),(482,'7647 C','A83D72',168,61,114,26250,2),(483,'7648 C','991E66',153,30,102,26250,2),(484,'7649 C','8A1B61',138,27,97,26250,2),(485,'7650 C','722257',114,34,87,26250,2),(486,'7651 C','6A2A5B',106,42,91,26250,2),(487,'7652 C','5E2751',94,39,81,26250,2),(488,'250 C','E7BAE4',231,186,228,26250,2),(489,'251 C','DD9CDF',221,156,223,26250,2),(490,'252 C','C964CF',201,100,207,26250,2),(491,'253 C','AD1AAC',173,26,172,26250,2),(492,'254 C','981D97',152,29,151,26250,2),(493,'255 C','72246C',114,36,108,26250,2),(494,'517 C','EBC6DF',235,198,223,26250,2),(495,'516 C','E6BEDD',230,190,221,26250,2),(496,'515 C','E2ACD7',226,172,215,26250,2),(497,'514 C','D48BC8',212,139,200,26250,2),(498,'513 C','93328E',147,50,142,26250,2),(499,'512 C','833177',131,49,119,26250,2),(500,'511 C','612C51',97,44,81,26250,2),(501,'7436 C','EEDAEA',238,218,234,26250,2),(502,'7437 C','CCAED0',204,174,208,26250,2),(503,'7438 C','D59ED7',213,158,215,26250,2),(504,'7439 C','B288B9',178,136,185,26250,2),(505,'7440 C','A277A6',162,119,166,26250,2),(506,'7441 C','9F5CC0',159,92,192,26250,2),(507,'7442 C','963CBD',150,60,189,26250,2),(508,'2562 C','D7A9E3',215,169,227,26250,2),(509,'2572 C','C98BDB',201,139,219,26250,2),(510,'2582 C','AC4FC6',172,79,198,26250,2),(511,'2592 C','9B26B6',155,38,182,26250,2),(512,'2602 C','87189D',135,24,157,26250,2),(513,'2612 C','772583',119,37,131,26250,2),(514,'2622 C','653165',101,49,101,26250,2),(515,'7653 C','948794',148,135,148,26250,2),(516,'7654 C','A2789C',162,120,156,26250,2),(517,'7655 C','A15A95',161,90,149,26250,2),(518,'7656 C','8E3A80',142,58,128,26250,2),(519,'7657 C','6E2B62',110,43,98,26250,2),(520,'7658 C','6A3460',106,52,96,26250,2),(521,'7659 C','5D3754',93,55,84,26250,2),(522,'524 C','D5C2D8',213,194,216,26250,2),(523,'523 C','C9B1D0',201,177,208,26250,2),(524,'522 C','BA9CC5',186,156,197,26250,2),(525,'521 C','A57FB2',165,127,178,26250,2),(526,'520 C','642F6C',100,47,108,26250,2),(527,'519 C','59315F',89,49,95,26250,2),(528,'518 C','4B3048',75,48,72,26250,2),(529,'5245 C','DBCDD3',219,205,211,26250,2),(530,'5235 C','D0BEC7',208,190,199,26250,2),(531,'5225 C','C6B0BC',198,176,188,26250,2),(532,'5215 C','AF95A6',175,149,166,26250,2),(533,'5205 C','86647A',134,100,122,26250,2),(534,'5195 C','66435A',102,67,90,26250,2),(535,'5185 C','4A3041',74,48,65,26250,2),(536,'5175 C','D8C8D1',216,200,209,26250,2),(537,'5165 C','D3C0CD',211,192,205,26250,2),(538,'5155 C','BFA5B8',191,165,184,26250,2),(539,'5145 C','9B7793',155,119,147,26250,2),(540,'5135 C','7E5475',126,84,117,26250,2),(541,'5125 C','693C5E',105,60,94,26250,2),(542,'5115 C','512A44',81,42,68,26250,2),(543,'531 C','DFC8E7',223,200,231,26250,2),(544,'530 C','D7B9E4',215,185,228,26250,2),(545,'529 C','CAA2DD',202,162,221,26250,2),(546,'528 C','B580D1',181,128,209,26250,2),(547,'527 C','8031A7',128,49,167,26250,2),(548,'526 C','702F8A',112,47,138,26250,2),(549,'525 C','572C5F',87,44,95,26250,2),(550,'256 C','D6BFDD',214,191,221,26250,2),(551,'257 C','C6A1CF',198,161,207,26250,2),(552,'258 C','8C4799',140,71,153,26250,2),(553,'259 C','6D2077',109,32,119,26250,2),(554,'260 C','642667',100,38,103,26250,2),(555,'261 C','5D285F',93,40,95,26250,2),(556,'262 C','51284F',81,40,79,26250,2),(557,'2563 C','CBA3D8',203,163,216,26250,2),(558,'2573 C','B884CB',184,132,203,26250,2),(559,'2583 C','A05EB5',160,94,181,26250,2),(560,'2593 C','84329B',132,50,155,26250,2),(561,'2603 C','702082',112,32,130,26250,2),(562,'2613 C','671E75',103,30,117,26250,2),(563,'2623 C','5F2167',95,33,103,26250,2),(564,'7660 C','9991A4',153,145,164,26250,2),(565,'7661 C','8D6E97',141,110,151,26250,2),(566,'7662 C','7A4183',122,65,131,26250,2),(567,'7663 C','6B3077',107,48,119,26250,2),(568,'7664 C','653279',101,50,121,26250,2),(569,'7665 C','5E366E',94,54,110,26250,2),(570,'7666 C','5C4E63',92,78,99,26250,2),(571,'2567 C','C1A0DA',193,160,218,26250,2),(572,'2577 C','A77BCA',167,123,202,26250,2),(573,'2587 C','8246AF',130,70,175,26250,2),(574,'2597 C','5C068C',92,6,140,26250,2),(575,'2607 C','500778',80,7,120,26250,2),(576,'2617 C','470A68',71,10,104,26250,2),(577,'2627 C','3C1053',60,16,83,26250,2),(578,'263 C','D7C6E6',215,198,230,26250,2),(579,'264 C','C1A7E2',193,167,226,26250,2),(580,'265 C','9063CD',144,99,205,26250,2),(581,'266 C','753BBD',117,59,189,26250,2),(582,'267 C','5F259F',95,37,159,26250,2),(583,'268 C','582C83',88,44,131,26250,2),(584,'269 C','512D6D',81,45,109,26250,2),(585,'2635 C','C5B4E3',197,180,227,26250,2),(586,'2645 C','AD96DC',173,150,220,26250,2),(587,'2655 C','9678D3',150,120,211,26250,2),(588,'2665 C','7D55C7',125,85,199,26250,2),(589,'2685 C','330072',51,0,114,26250,2),(590,'2695 C','2E1A47',46,26,71,26250,2),(591,'270 C','B4B5DF',180,181,223,26250,2),(592,'271 C','9595D2',149,149,210,26250,2),(593,'272 C','7474C1',116,116,193,26250,2),(594,'273 C','24135F',36,19,95,26250,2),(595,'274 C','211551',33,21,81,26250,2),(596,'275 C','201747',32,23,71,26250,2),(597,'276 C','221C35',34,28,53,26250,2),(598,'2705 C','A7A4E0',167,164,224,26250,2),(599,'2715 C','8B84D7',139,132,215,26250,2),(600,'2725 C','685BC7',104,91,199,26250,2),(601,'2735 C','2E008B',46,0,139,26250,2),(602,'2745 C','280071',40,0,113,26250,2),(603,'2755 C','250E62',37,14,98,26250,2),(604,'2765 C','201547',32,21,71,26250,2),(605,'7667 C','6E7CA0',110,124,160,26250,2),(606,'7668 C','686E9F',104,110,159,26250,2),(607,'7669 C','615E9B',97,94,155,26250,2),(608,'7670 C','565294',86,82,148,26250,2),(609,'7671 C','514689',81,70,137,26250,2),(610,'7672 C','4C4184',76,65,132,26250,2),(611,'7673 C','535486',83,84,134,26250,2),(612,'7443 C','DDDAE8',221,218,232,26250,2),(613,'7444 C','B6B8DC',182,184,220,26250,2),(614,'7445 C','A7A2C3',167,162,195,26250,2),(615,'7446 C','8986CA',137,134,202,26250,2),(616,'7447 C','5D4777',93,71,119,26250,2),(617,'7448 C','4B384C',75,56,76,26250,2),(618,'7449 C','41273B',65,39,59,26250,2),(619,'7674 C','878CB4',135,140,180,26250,2),(620,'7675 C','7C7FAB',124,127,171,26250,2),(621,'7676 C','7566A0',117,102,160,26250,2),(622,'7677 C','6F5091',111,80,145,26250,2),(623,'7678 C','68478D',104,71,141,26250,2),(624,'7679 C','563D82',86,61,130,26250,2),(625,'7680 C','523178',82,49,120,26250,2),(626,'663 C','E5E1E6',229,225,230,26250,2),(627,'664 C','E0DBE3',224,219,227,26250,2),(628,'665 C','C6BCD0',198,188,208,26250,2),(629,'666 C','A192B2',161,146,178,26250,2),(630,'667 C','7C6992',124,105,146,26250,2),(631,'668 C','614B79',97,75,121,26250,2),(632,'669 C','3F2A56',63,42,86,26250,2),(633,'5315 C','D8D7DF',216,215,223,26250,2),(634,'5305 C','C6C4D2',198,196,210,26250,2),(635,'5295 C','B3B0C4',179,176,196,26250,2),(636,'5285 C','8D89A5',141,137,165,26250,2),(637,'5275 C','595478',89,84,120,26250,2),(638,'5265 C','403A60',64,58,96,26250,2),(639,'5255 C','1E1A34',30,26,52,26250,2),(640,'538 C','C5CFDA',197,207,218,26250,2),(641,'537 C','BBC7D6',187,199,214,26250,2),(642,'536 C','A2B2C8',162,178,200,26250,2),(643,'535 C','8E9FBC',142,159,188,26250,2),(644,'534 C','1B365D',27,54,93,26250,2),(645,'533 C','1F2A44',31,42,68,26250,2),(646,'532 C','1C1F2A',28,31,42,26250,2),(647,'7541 C','D9E1E2',217,225,226,26250,2),(648,'7542 C','A4BCC2',164,188,194,26250,2),(649,'7543 C','98A4AE',152,164,174,26250,2),(650,'7544 C','768692',118,134,146,26250,2),(651,'7545 C','425563',66,85,99,26250,2),(652,'7546 C','253746',37,55,70,26250,2),(653,'7547 C','131E29',19,30,41,26250,2),(654,'552 C','B9D3DC',185,211,220,26250,2),(655,'551 C','A3C7D2',163,199,210,26250,2),(656,'550 C','8DB9CA',141,185,202,26250,2),(657,'549 C','6BA4B8',107,164,184,26250,2),(658,'548 C','003D4C',0,61,76,26250,2),(659,'547 C','00313C',0,49,60,26250,2),(660,'546 C','072B31',7,43,49,26250,2),(661,'5455 C','BFCED6',191,206,214,26250,2),(662,'5445 C','B7C9D3',183,201,211,26250,2),(663,'5435 C','A6BBC8',166,187,200,26250,2),(664,'5425 C','7A99AC',122,153,172,26250,2),(665,'5415 C','5B7F95',91,127,149,26250,2),(666,'5405 C','4F758B',79,117,139,26250,2),(667,'5395 C','081F2C',8,31,44,26250,2),(668,'642 C','D1DDE6',209,221,230,26250,2),(669,'643 C','C6D6E3',198,214,227,26250,2),(670,'644 C','9BB8D3',155,184,211,26250,2),(671,'645 C','7DA1C4',125,161,196,26250,2),(672,'646 C','5E8AB4',94,138,180,26250,2),(673,'647 C','236192',35,97,146,26250,2),(674,'648 C','002E5D',0,46,93,26250,2),(675,'649 C','DBE2E9',219,226,233,26250,2),(676,'650 C','CED9E5',206,217,229,26250,2),(677,'651 C','A7BCD6',167,188,214,26250,2),(678,'652 C','7D9BC1',125,155,193,26250,2),(679,'653 C','326295',50,98,149,26250,2),(680,'654 C','003A70',0,58,112,26250,2),(681,'655 C','002554',0,37,84,26250,2),(682,'656 C','DDE5ED',221,229,237,26250,2),(683,'657 C','C8D8EB',200,216,235,26250,2),(684,'658 C','B1C9E8',177,201,232,26250,2),(685,'659 C','7BA4DB',123,164,219,26250,2),(686,'660 C','407EC9',64,126,201,26250,2),(687,'661 C','003594',0,53,148,26250,2),(688,'662 C','001A70',0,26,112,26250,2),(689,'7450 C','BDC5DB',189,197,219,26250,2),(690,'7451 C','89ABE3',137,171,227,26250,2),(691,'7452 C','8094DD',128,148,221,26250,2),(692,'7453 C','7BA6DE',123,166,222,26250,2),(693,'7454 C','5F8FB4',95,143,180,26250,2),(694,'7455 C','3A5DAE',58,93,174,26250,2),(695,'7456 C','606EB2',96,110,178,26250,2),(696,'2706 C','CBD3EB',203,211,235,26250,2),(697,'2716 C','9FAEE5',159,174,229,26250,2),(698,'2726 C','485CC7',72,92,199,26250,2),(699,'2736 C','1E22AA',30,34,170,26250,2),(700,'2746 C','171C8F',23,28,143,26250,2),(701,'2756 C','151F6D',21,31,109,26250,2),(702,'2766 C','141B4D',20,27,77,26250,2),(703,'2708 C','B8CCEA',184,204,234,26250,2),(704,'2718 C','5C88DA',92,136,218,26250,2),(705,'2728 C','0047BB',0,71,187,26250,2),(706,'2738 C','06038D',6,3,141,26250,2),(707,'2748 C','001871',0,24,113,26250,2),(708,'2758 C','001E62',0,30,98,26250,2),(709,'2768 C','071D49',7,29,73,26250,2),(710,'2707 C','C3D7EE',195,215,238,26250,2),(711,'2717 C','A7C6ED',167,198,237,26250,2),(712,'2727 C','307FE2',48,127,226,26250,2),(713,'2747 C','001A72',0,26,114,26250,2),(714,'2757 C','001E60',0,30,96,26250,2),(715,'2767 C','13294B',19,41,75,26250,2),(716,'277 C','ABCAE9',171,202,233,26250,2),(717,'278 C','8BB8E8',139,184,232,26250,2),(718,'279 C','418FDE',65,143,222,26250,2),(719,'280 C','012169',2,33,105,26250,2),(720,'281 C','00205B',0,32,91,26250,2),(721,'282 C','041E42',4,30,66,26250,2),(722,'283 C','92C1E9',146,193,233,26250,2),(723,'284 C','6CACE4',108,172,228,26250,2),(724,'285 C','0072CE',0,114,206,26250,2),(725,'286 C','0033A0',0,51,160,26250,2),(726,'287 C','003087',0,48,135,26250,2),(727,'288 C','002D72',0,45,114,26250,2),(728,'289 C','0C2340',12,35,64,26250,2),(729,'7681 C','94A9CB',148,169,203,26250,2),(730,'7682 C','6787B7',103,135,183,26250,2),(731,'7683 C','426DA9',66,109,169,26250,2),(732,'7684 C','385E9D',56,94,157,26250,2),(733,'7685 C','2C5697',44,86,151,26250,2),(734,'7686 C','1D4F91',29,79,145,26250,2),(735,'7687 C','1D428A',29,66,138,26250,2),(736,'545 C','C6DAE7',198,218,231,26250,2),(737,'544 C','BDD6E6',189,214,230,26250,2),(738,'543 C','A4C8E1',164,200,225,26250,2),(739,'542 C','7BAFD4',123,175,212,26250,2),(740,'541 C','003C71',0,60,113,26250,2),(741,'540 C','003057',0,48,87,26250,2),(742,'539 C','00263A',0,38,58,26250,2),(743,'290 C','B9D9EB',185,217,235,26250,2),(744,'291 C','9BCBEB',155,203,235,26250,2),(745,'292 C','69B3E7',105,179,231,26250,2),(746,'293 C','003DA5',0,61,165,26250,2),(747,'294 C','002F6C',0,47,108,26250,2),(748,'295 C','002855',0,40,85,26250,2),(749,'296 C','041C2C',4,28,44,26250,2),(750,'2905 C','8DC8E8',141,200,232,26250,2),(751,'2915 C','62B5E5',98,181,229,26250,2),(752,'2925 C','009CDE',0,156,222,26250,2),(753,'2935 C','0057B8',0,87,184,26250,2),(754,'2945 C','004C97',0,76,151,26250,2),(755,'2955 C','003865',0,56,101,26250,2),(756,'2965 C','00263E',0,38,62,26250,2),(757,'297 C','71C5E8',113,197,232,26250,2),(758,'298 C','41B6E6',65,182,230,26250,2),(759,'299 C','00A3E0',0,163,224,26250,2),(760,'300 C','005EB8',0,94,184,26250,2),(761,'301 C','004B87',0,75,135,26250,2),(762,'302 C','003B5C',0,59,92,26250,2),(763,'303 C','002A3A',0,42,58,26250,2),(764,'7688 C','4698CB',70,152,203,26250,2),(765,'7689 C','298FC2',41,143,194,26250,2),(766,'7690 C','0076A8',0,118,168,26250,2),(767,'7691 C','006298',0,98,152,26250,2),(768,'7692 C','005587',0,85,135,26250,2),(769,'7693 C','004976',0,73,118,26250,2),(770,'7694 C','01426A',2,66,106,26250,2),(771,'2975 C','99D6EA',153,214,234,26250,2),(772,'2985 C','5BC2E7',91,194,231,26250,2),(773,'2995 C','00A9E0',0,169,224,26250,2),(774,'3005 C','0077C8',0,119,200,26250,2),(775,'3015 C','00629B',0,98,155,26250,2),(776,'3025 C','004F71',0,79,113,26250,2),(777,'3035 C','003E51',0,62,81,26250,2),(778,'7695 C','7BA7BC',123,167,188,26250,2),(779,'7696 C','6399AE',99,153,174,26250,2),(780,'7697 C','4E87A0',78,135,160,26250,2),(781,'7698 C','41748D',65,116,141,26250,2),(782,'7699 C','34657F',52,101,127,26250,2),(783,'7700 C','165C7D',22,92,125,26250,2),(784,'7701 C','005776',0,87,118,26250,2),(785,'7457 C','BBDDE6',187,221,230,26250,2),(786,'7458 C','71B2C9',113,178,201,26250,2),(787,'7459 C','4298B5',66,152,181,26250,2),(788,'7460 C','0086BF',0,134,191,26250,2),(789,'7461 C','007DBA',0,125,186,26250,2),(790,'7462 C','00558C',0,85,140,26250,2),(791,'7463 C','002B49',0,43,73,26250,2),(792,'304 C','9ADBE8',154,219,232,26250,2),(793,'305 C','59CBE8',89,203,232,26250,2),(794,'306 C','00B5E2',0,181,226,26250,2),(795,'307 C','006BA6',0,107,166,26250,2),(796,'308 C','00587C',0,88,124,26250,2),(797,'309 C','003B49',0,59,73,26250,2),(798,'635 C','A4DBE8',164,219,232,26250,2),(799,'636 C','8BD3E6',139,211,230,26250,2),(800,'637 C','4EC3E0',78,195,224,26250,2),(801,'638 C','00AFD7',0,175,215,26250,2),(802,'639 C','0095C8',0,149,200,26250,2),(803,'640 C','0082BA',0,130,186,26250,2),(804,'641 C','0067A0',0,103,160,26250,2),(805,'7702 C','48A9C5',72,169,197,26250,2),(806,'7703 C','009CBD',0,156,189,26250,2),(807,'7704 C','0085AD',0,133,173,26250,2),(808,'7705 C','007096',0,112,150,26250,2),(809,'7706 C','006A8E',0,106,142,26250,2),(810,'7707 C','00617F',0,97,127,26250,2),(811,'7708 C','005670',0,86,112,26250,2),(812,'628 C','B8DDE1',184,221,225,26250,2),(813,'629 C','9BD3DD',155,211,221,26250,2),(814,'630 C','77C5D5',119,197,213,26250,2),(815,'631 C','3EB1C8',62,177,200,26250,2),(816,'632 C','0093B2',0,147,178,26250,2),(817,'633 C','007396',0,115,150,26250,2),(818,'634 C','005F83',0,95,131,26250,2),(819,'310 C','6AD1E3',106,209,227,26250,2),(820,'311 C','05C3DE',5,195,222,26250,2),(821,'312 C','00A9CE',0,169,206,26250,2),(822,'313 C','0092BC',0,146,188,26250,2),(823,'314 C','007FA3',0,127,163,26250,2),(824,'315 C','00677F',0,103,127,26250,2),(825,'316 C','004851',0,72,81,26250,2),(826,'3105 C','68D2DF',104,210,223,26250,2),(827,'3115 C','00C1D5',0,193,213,26250,2),(828,'3125 C','00AEC7',0,174,199,26250,2),(829,'3135 C','008EAA',0,142,170,26250,2),(830,'3145 C','00778B',0,119,139,26250,2),(831,'3155 C','006272',0,98,114,26250,2),(832,'3165 C','004F59',0,79,89,26250,2),(833,'7709 C','63B1BC',99,177,188,26250,2),(834,'7710 C','00A7B5',0,167,181,26250,2),(835,'7711 C','0097A9',0,151,169,26250,2),(836,'7712 C','00859B',0,133,155,26250,2),(837,'7713 C','007D8A',0,125,138,26250,2),(838,'7714 C','007680',0,118,128,26250,2),(839,'7715 C','006269',0,98,105,26250,2),(840,'317 C','B1E4E3',177,228,227,26250,2),(841,'318 C','88DBDF',136,219,223,26250,2),(842,'319 C','2DCCD3',45,204,211,26250,2),(843,'320 C','009CA6',0,156,166,26250,2),(844,'321 C','008C95',0,140,149,26250,2),(845,'322 C','007377',0,115,119,26250,2),(846,'323 C','005F61',0,95,97,26250,2),(847,'7464 C','A0D1CA',160,209,202,26250,2),(848,'7465 C','40C1AC',64,193,172,26250,2),(849,'7466 C','00B0B9',0,176,185,26250,2),(850,'7467 C','00A3AD',0,163,173,26250,2),(851,'7468 C','007398',0,115,152,26250,2),(852,'7469 C','005F86',0,95,134,26250,2),(853,'7470 C','005A70',0,90,112,26250,2),(854,'7471 C','7EDDD3',126,221,211,26250,2),(855,'7472 C','5CB8B2',92,184,178,26250,2),(856,'7473 C','279989',39,153,137,26250,2),(857,'7474 C','007681',0,118,129,26250,2),(858,'7475 C','487A7B',72,122,123,26250,2),(859,'7476 C','0D5257',13,82,87,26250,2),(860,'7477 C','244C5A',36,76,90,26250,2),(861,'5523 C','B6CFD0',182,207,208,26250,2),(862,'5513 C','ABC7CA',171,199,202,26250,2),(863,'5503 C','94B7BB',148,183,187,26250,2),(864,'5493 C','7FA9AE',127,169,174,26250,2),(865,'5483 C','4F868E',79,134,142,26250,2),(866,'5473 C','115E67',17,94,103,26250,2),(867,'5463 C','07272D',7,39,45,26250,2),(868,'7716 C','00968F',0,150,143,26250,2),(869,'7717 C','00857D',0,133,125,26250,2),(870,'7718 C','007672',0,118,114,26250,2),(871,'7719 C','006D68',0,109,104,26250,2),(872,'7720 C','00635B',0,99,91,26250,2),(873,'7721 C','005E5D',0,94,93,26250,2),(874,'7722 C','005151',0,81,81,26250,2),(875,'324 C','9CDBD9',156,219,217,26250,2),(876,'325 C','64CCC9',100,204,201,26250,2),(877,'326 C','00B2A9',0,178,169,26250,2),(878,'327 C','008675',0,134,117,26250,2),(879,'328 C','007367',0,115,103,26250,2),(880,'329 C','00685E',0,104,94,26250,2),(881,'330 C','00534C',0,83,76,26250,2),(882,'3242 C','71DBD4',113,219,212,26250,2),(883,'3252 C','2AD2C9',42,210,201,26250,2),(884,'3262 C','00BFB3',0,191,179,26250,2),(885,'3272 C','00A499',0,164,153,26250,2),(886,'3282 C','008578',0,133,120,26250,2),(887,'3292 C','00594F',0,89,79,26250,2),(888,'3302 C','004C45',0,76,69,26250,2),(889,'3245 C','7CE0D3',124,224,211,26250,2),(890,'3255 C','2CD5C4',44,213,196,26250,2),(891,'3265 C','00C7B1',0,199,177,26250,2),(892,'3275 C','00B398',0,179,152,26250,2),(893,'3285 C','009681',0,150,129,26250,2),(894,'3295 C','007864',0,120,100,26250,2),(895,'3305 C','004E42',0,78,66,26250,2),(896,'3248 C','6DCDB8',109,205,184,26250,2),(897,'3258 C','49C5B1',73,197,177,26250,2),(898,'3268 C','00AB8E',0,171,142,26250,2),(899,'3278 C','009B77',0,155,119,26250,2),(900,'3288 C','008264',0,130,100,26250,2),(901,'3298 C','006A52',0,106,82,26250,2),(902,'3308 C','034638',3,70,56,26250,2),(903,'566 C','B9DCD2',185,220,210,26250,2),(904,'565 C','A1D6CA',161,214,202,26250,2),(905,'564 C','86C8BC',134,200,188,26250,2),(906,'563 C','6BBBAE',107,187,174,26250,2),(907,'562 C','006F62',0,111,98,26250,2),(908,'561 C','00594C',0,89,76,26250,2),(909,'560 C','1D3C34',29,60,52,26250,2),(910,'573 C','B5E3D8',181,227,216,26250,2),(911,'572 C','A5DFD3',165,223,211,26250,2),(912,'571 C','98DBCE',152,219,206,26250,2),(913,'570 C','6BCABA',107,202,186,26250,2),(914,'569 C','00816D',0,129,109,26250,2),(915,'568 C','006C5B',0,108,91,26250,2),(916,'567 C','173F35',23,63,53,26250,2),(917,'559 C','ADCAB8',173,202,184,26250,2),(918,'558 C','9ABEAA',154,190,170,26250,2),(919,'557 C','85B09A',133,176,154,26250,2),(920,'556 C','6FA287',111,162,135,26250,2),(921,'555 C','28724F',40,114,79,26250,2),(922,'554 C','205C40',32,92,64,26250,2),(923,'553 C','284734',40,71,52,26250,2),(924,'5595 C','BFCEC2',191,206,194,26250,2),(925,'5585 C','A7BDB1',167,189,177,26250,2),(926,'5575 C','92ACA0',146,172,160,26250,2),(927,'5565 C','7F9C90',127,156,144,26250,2),(928,'5555 C','5C7F71',92,127,113,26250,2),(929,'5545 C','43695B',67,105,91,26250,2),(930,'5535 C','183028',24,48,40,26250,2),(931,'5665 C','BAC5B9',186,197,185,26250,2),(932,'5655 C','B0BDB0',176,189,176,26250,2),(933,'5645 C','A3B2A4',163,178,164,26250,2),(934,'5635 C','94A596',148,165,150,26250,2),(935,'5625 C','708573',112,133,115,26250,2),(936,'5615 C','5E7461',94,116,97,26250,2),(937,'5605 C','22372B',34,55,43,26250,2),(938,'5527 C','BCC9C5',188,201,197,26250,2),(939,'5517 C','B1C0BC',177,192,188,26250,2),(940,'5507 C','9DB0AC',157,176,172,26250,2),(941,'5497 C','829995',130,153,149,26250,2),(942,'5487 C','5D7975',93,121,117,26250,2),(943,'5477 C','3E5D58',62,93,88,26250,2),(944,'5467 C','18332F',24,51,47,26250,2),(945,'621 C','D1E0D7',209,224,215,26250,2),(946,'622 C','B7CDC2',183,205,194,26250,2),(947,'623 C','9AB9AD',154,185,173,26250,2),(948,'624 C','789F90',120,159,144,26250,2),(949,'625 C','507F70',80,127,112,26250,2),(950,'626 C','285C4D',40,92,77,26250,2),(951,'627 C','13322B',19,50,43,26250,2),(952,'331 C','A7E6D7',167,230,215,26250,2),(953,'332 C','8CE2D0',140,226,208,26250,2),(954,'333 C','3CDBC0',60,219,192,26250,2),(955,'334 C','009775',0,151,117,26250,2),(956,'335 C','007B5F',0,123,95,26250,2),(957,'336 C','00664F',0,102,79,26250,2),(958,'337 C','8FD6BD',143,214,189,26250,2),(959,'338 C','6ECEB2',110,206,178,26250,2),(960,'339 C','00B388',0,179,136,26250,2),(961,'340 C','00965E',0,150,94,26250,2),(962,'341 C','007A53',0,122,83,26250,2),(963,'342 C','006747',0,103,71,26250,2),(964,'343 C','115740',17,87,64,26250,2),(965,'7723 C','50A684',80,166,132,26250,2),(966,'7724 C','00966C',0,150,108,26250,2),(967,'7725 C','008755',0,135,85,26250,2),(968,'7726 C','007B4B',0,123,75,26250,2),(969,'7727 C','006F44',0,111,68,26250,2),(970,'7728 C','006845',0,104,69,26250,2),(971,'7729 C','005844',0,88,68,26250,2),(972,'3375 C','7AE1BF',122,225,191,26250,2),(973,'3385 C','47D7AC',71,215,172,26250,2),(974,'3395 C','00C389',0,195,137,26250,2),(975,'3405 C','00AF66',0,175,102,26250,2),(976,'3415 C','007749',0,119,73,26250,2),(977,'3425 C','006341',0,99,65,26250,2),(978,'3435 C','154734',21,71,52,26250,2),(979,'344 C','A0DAB3',160,218,179,26250,2),(980,'345 C','91D6AC',145,214,172,26250,2),(981,'346 C','71CC98',113,204,152,26250,2),(982,'347 C','009A44',0,154,68,26250,2),(983,'348 C','00843D',0,132,61,26250,2),(984,'349 C','046A38',4,106,56,26250,2),(985,'350 C','2C5234',44,82,52,26250,2),(986,'351 C','A2E4B8',162,228,184,26250,2),(987,'352 C','8FE2B0',143,226,176,26250,2),(988,'353 C','80E0A7',128,224,167,26250,2),(989,'354 C','00B140',0,177,64,26250,2),(990,'355 C','009639',0,150,57,26250,2),(991,'356 C','007A33',0,122,51,26250,2),(992,'357 C','215732',33,87,50,26250,2),(993,'7478 C','9BE3BF',155,227,191,26250,2),(994,'7479 C','26D07C',38,208,124,26250,2),(995,'7480 C','00BF6F',0,191,111,26250,2),(996,'7481 C','00B74F',0,183,79,26250,2),(997,'7482 C','009F4D',0,159,77,26250,2),(998,'7483 C','275D38',39,93,56,26250,2),(999,'7484 C','00573F',0,87,63,26250,2),(1000,'7730 C','4B9560',75,149,96,26250,2),(1001,'7731 C','228848',34,136,72,26250,2),(1002,'7732 C','007A3E',0,122,62,26250,2),(1003,'7733 C','007041',0,112,65,26250,2),(1004,'7734 C','286140',40,97,64,26250,2),(1005,'7735 C','36573B',54,87,59,26250,2),(1006,'7736 C','395542',57,85,66,26250,2),(1007,'7737 C','6BA539',107,165,57,26250,2),(1008,'7738 C','48A23F',72,162,63,26250,2),(1009,'7739 C','319B42',49,155,66,26250,2),(1010,'7740 C','3A913F',58,145,63,26250,2),(1011,'7741 C','44883E',68,136,62,26250,2),(1012,'7742 C','4A773C',74,119,60,26250,2),(1013,'7743 C','44693D',68,105,61,26250,2),(1014,'358 C','ADDC91',173,220,145,26250,2),(1015,'359 C','A1D884',161,216,132,26250,2),(1016,'360 C','6CC24A',108,194,74,26250,2),(1017,'361 C','43B02A',67,176,42,26250,2),(1018,'362 C','509E2F',80,158,47,26250,2),(1019,'363 C','4C8C2B',76,140,43,26250,2),(1020,'364 C','4A7729',74,119,41,26250,2),(1021,'7485 C','D0DEBB',208,222,187,26250,2),(1022,'7486 C','BCE194',188,225,148,26250,2),(1023,'7487 C','8EDD65',142,221,101,26250,2),(1024,'7488 C','78D64B',120,214,75,26250,2),(1025,'7489 C','74AA50',116,170,80,26250,2),(1026,'7490 C','719949',113,153,73,26250,2),(1027,'7491 C','79863C',121,134,60,26250,2),(1028,'365 C','C2E189',194,225,137,26250,2),(1029,'366 C','B7DD79',183,221,121,26250,2),(1030,'367 C','A4D65E',164,214,94,26250,2),(1031,'368 C','78BE20',120,190,32,26250,2),(1032,'369 C','64A70B',100,167,11,26250,2),(1033,'370 C','658D1B',101,141,27,26250,2),(1034,'371 C','546223',84,98,35,26250,2),(1035,'372 C','D4EB8E',212,235,142,26250,2),(1036,'373 C','CDEA80',205,234,128,26250,2),(1037,'374 C','C5E86C',197,232,108,26250,2),(1038,'375 C','97D700',151,215,0,26250,2),(1039,'376 C','84BD00',132,189,0,26250,2),(1040,'377 C','7A9A01',122,154,2,26250,2),(1041,'378 C','59621D',89,98,29,26250,2),(1042,'580 C','C4D6A4',196,214,164,26250,2),(1043,'579 C','BCD19B',188,209,155,26250,2),(1044,'578 C','B7CE95',183,206,149,26250,2),(1045,'577 C','A9C47F',169,196,127,26250,2),(1046,'576 C','789D4A',120,157,74,26250,2),(1047,'575 C','67823A',103,130,58,26250,2),(1048,'574 C','4E5B31',78,91,49,26250,2),(1049,'5807 C','D0D1AB',208,209,171,26250,2),(1050,'5797 C','C6C89B',198,200,155,26250,2),(1051,'5787 C','BABD8B',186,189,139,26250,2),(1052,'5777 C','A2A569',162,165,105,26250,2),(1053,'5767 C','8A8D4A',138,141,74,26250,2),(1054,'5757 C','6D712E',109,113,46,26250,2),(1055,'5747 C','3D441E',61,68,30,26250,2),(1056,'5875 C','D2CE9E',210,206,158,26250,2),(1057,'5865 C','CBC793',203,199,147,26250,2),(1058,'5855 C','C0BB87',192,187,135,26250,2),(1059,'5845 C','AFA96E',175,169,110,26250,2),(1060,'5835 C','A09958',160,153,88,26250,2),(1061,'5825 C','89813D',137,129,61,26250,2),(1062,'5815 C','555025',85,80,37,26250,2),(1063,'5803 C','C3C6A8',195,198,168,26250,2),(1064,'5793 C','B3B995',179,185,149,26250,2),(1065,'5783 C','A3AA83',163,170,131,26250,2),(1066,'5773 C','899064',137,144,100,26250,2),(1067,'5763 C','737B4C',115,123,76,26250,2),(1068,'5753 C','5E6738',94,103,56,26250,2),(1069,'5743 C','3E4827',62,72,39,26250,2),(1070,'7492 C','BFCC80',191,204,128,26250,2),(1071,'7493 C','BBC592',187,197,146,26250,2),(1072,'7494 C','9CAF88',156,175,136,26250,2),(1073,'7495 C','8F993E',143,153,62,26250,2),(1074,'7496 C','76881D',118,136,29,26250,2),(1075,'7497 C','7A7256',122,114,86,26250,2),(1076,'7498 C','5B6236',91,98,54,26250,2),(1077,'7744 C','BABC16',186,188,22,26250,2),(1078,'7745 C','ABAD23',171,173,35,26250,2),(1079,'7746 C','999B30',153,155,48,26250,2),(1080,'7747 C','888D30',136,141,48,26250,2),(1081,'7748 C','7C8034',124,128,52,26250,2),(1082,'7749 C','727337',114,115,55,26250,2),(1083,'7750 C','656635',101,102,53,26250,2),(1084,'379 C','E2E868',226,232,104,26250,2),(1085,'380 C','DBE442',219,228,66,26250,2),(1086,'381 C','CEDC00',206,220,0,26250,2),(1087,'382 C','C4D600',196,214,0,26250,2),(1088,'383 C','A8AD00',168,173,0,26250,2),(1089,'384 C','949300',148,147,0,26250,2),(1090,'385 C','787121',120,113,33,26250,2),(1091,'386 C','E9EC6B',233,236,107,26250,2),(1092,'387 C','E3E935',227,233,53,26250,2),(1093,'388 C','E0E721',224,231,33,26250,2),(1094,'389 C','D0DF00',208,223,0,26250,2),(1095,'390 C','B5BD00',181,189,0,26250,2),(1096,'391 C','9A9500',154,149,0,26250,2),(1097,'392 C','827A04',130,122,4,26250,2),(1098,'587 C','E3E48D',227,228,141,26250,2),(1099,'586 C','E0E27C',224,226,124,26250,2),(1100,'585 C','DBDE70',219,222,112,26250,2),(1101,'584 C','D2D755',210,215,85,26250,2),(1102,'583 C','B7BF10',183,191,16,26250,2),(1103,'582 C','8E8C13',142,140,19,26250,2),(1104,'581 C','625D20',98,93,32,26250,2),(1105,'393 C','F0EC74',240,236,116,26250,2),(1106,'394 C','EDE939',237,233,57,26250,2),(1107,'395 C','ECE81A',236,232,26,26250,2),(1108,'396 C','E1E000',225,224,0,26250,2),(1109,'397 C','BFB800',191,184,0,26250,2),(1110,'398 C','ADA400',173,164,0,26250,2),(1111,'399 C','A09200',160,146,0,26250,2),(1112,'3935 C','F3EA5D',243,234,93,26250,2),(1113,'3945 C','F3E500',243,229,0,26250,2),(1114,'3955 C','EFDF00',239,223,0,26250,2),(1115,'3965 C','EEDC00',238,220,0,26250,2),(1116,'3975 C','BBA600',187,166,0,26250,2),(1117,'3985 C','9A8700',154,135,0,26250,2),(1118,'3995 C','685C20',104,92,32,26250,2),(1119,'600 C','F1EB9C',241,235,156,26250,2),(1120,'601 C','F0E991',240,233,145,26250,2),(1121,'602 C','F0E87B',240,232,123,26250,2),(1122,'603 C','EDE04B',237,224,75,26250,2),(1123,'604 C','EADA24',234,218,36,26250,2),(1124,'605 C','E1CD00',225,205,0,26250,2),(1125,'606 C','CFB500',207,181,0,26250,2),(1126,'607 C','EBE49A',235,228,154,26250,2),(1127,'608 C','E9E186',233,225,134,26250,2),(1128,'609 C','E6DE77',230,222,119,26250,2),(1129,'610 C','E1D555',225,213,85,26250,2),(1130,'611 C','D7C826',215,200,38,26250,2),(1131,'612 C','C4B000',196,176,0,26250,2),(1132,'613 C','B39B00',179,155,0,26250,2),(1133,'461 C','E9DF97',233,223,151,26250,2),(1134,'460 C','E4D77E',228,215,126,26250,2),(1135,'459 C','DECD63',222,205,99,26250,2),(1136,'458 C','D9C756',217,199,86,26250,2),(1137,'457 C','B89D18',184,157,24,26250,2),(1138,'456 C','A28E2A',162,142,42,26250,2),(1139,'455 C','695B24',105,91,36,26250,2),(1140,'614 C','DCD59A',220,213,154,26250,2),(1141,'615 C','D6CF8D',214,207,141,26250,2),(1142,'616 C','D0C883',208,200,131,26250,2),(1143,'617 C','C0B561',192,181,97,26250,2),(1144,'618 C','AC9F3C',172,159,60,26250,2),(1145,'619 C','9F912A',159,145,42,26250,2),(1146,'620 C','8A7B19',138,123,25,26250,2),(1147,'7751 C','CAB64B',202,182,75,26250,2),(1148,'7752 C','CFB023',207,176,35,26250,2),(1149,'7753 C','C1A01E',193,160,30,26250,2),(1150,'7754 C','A08629',160,134,41,26250,2),(1151,'7755 C','897630',137,118,48,26250,2),(1152,'7756 C','736635',115,102,53,26250,2),(1153,'7757 C','675E33',103,94,51,26250,2),(1154,'7758 C','D4C304',212,195,4,26250,2),(1155,'7759 C','C4B200',196,178,0,26250,2),(1156,'7760 C','91852C',145,133,44,26250,2),(1157,'7761 C','747136',116,113,54,26250,2),(1158,'7762 C','5D6439',93,100,57,26250,2),(1159,'7763 C','585C3B',88,92,59,26250,2),(1160,'7764 C','535435',83,84,53,26250,2),(1161,'7765 C','BBB323',187,179,35,26250,2),(1162,'7766 C','B4A91F',180,169,31,26250,2),(1163,'7767 C','AA9D2E',170,157,46,26250,2),(1164,'7768 C','8F7E35',143,126,53,26250,2),(1165,'7769 C','716135',113,97,53,26250,2),(1166,'7770 C','635939',99,89,57,26250,2),(1167,'7771 C','4E4934',78,73,52,26250,2),(1168,'4545 C','D5CB9F',213,203,159,26250,2),(1169,'4535 C','CFC493',207,196,147,26250,2),(1170,'4525 C','C5B783',197,183,131,26250,2),(1171,'4515 C','B3A369',179,163,105,26250,2),(1172,'4505 C','998542',153,133,66,26250,2),(1173,'4495 C','8C7732',140,119,50,26250,2),(1174,'4485 C','614F25',97,79,37,26250,2),(1175,'454 C','CAC7A7',202,199,167,26250,2),(1176,'453 C','BFBB98',191,187,152,26250,2),(1177,'452 C','B0AA7E',176,170,126,26250,2),(1178,'451 C','9B945F',155,148,95,26250,2),(1179,'450 C','594A25',89,74,37,26250,2),(1180,'449 C','524727',82,71,39,26250,2),(1181,'448 C','4A412A',74,65,42,26250,2),(1182,'7499 C','F1E6B2',241,230,178,26250,2),(1183,'7500 C','DFD1A7',223,209,167,26250,2),(1184,'7501 C','D9C89E',217,200,158,26250,2),(1185,'7502 C','CEB888',206,184,136,26250,2),(1186,'7503 C','A89968',168,153,104,26250,2),(1187,'7504 C','94795D',148,121,93,26250,2),(1188,'7505 C','816040',129,96,64,26250,2),(1189,'468 C','DDCBA4',221,203,164,26250,2),(1190,'467 C','D3BC8D',211,188,141,26250,2),(1191,'466 C','C6AA76',198,170,118,26250,2),(1192,'465 C','B9975B',185,151,91,26250,2),(1193,'464 C','8B5B29',139,91,41,26250,2),(1194,'463 C','744F28',116,79,40,26250,2),(1195,'462 C','5C462B',92,70,43,26250,2),(1196,'7506 C','EFDBB2',239,219,178,26250,2),(1197,'7507 C','FCD299',252,210,153,26250,2),(1198,'7508 C','E1B87F',225,184,127,26250,2),(1199,'7509 C','D6A461',214,164,97,26250,2),(1200,'7510 C','C6893F',198,137,63,26250,2),(1201,'7511 C','B77729',183,119,41,26250,2),(1202,'7512 C','A6631B',166,99,27,26250,2),(1203,'719 C','EDC8A3',237,200,163,26250,2),(1204,'720 C','E7B78A',231,183,138,26250,2),(1205,'721 C','DDA46F',221,164,111,26250,2),(1206,'722 C','C88242',200,130,66,26250,2),(1207,'723 C','B36924',179,105,36,26250,2),(1208,'724 C','934D11',147,77,17,26250,2),(1209,'725 C','7D3F16',125,63,22,26250,2),(1210,'475 C','F3CFB3',243,207,179,26250,2),(1211,'474 C','F1C6A7',241,198,167,26250,2),(1212,'473 C','F0BF9B',240,191,155,26250,2),(1213,'472 C','E59E6D',229,158,109,26250,2),(1214,'471 C','B86125',184,97,37,26250,2),(1215,'470 C','A45A2A',164,90,42,26250,2),(1216,'469 C','693F23',105,63,35,26250,2),(1217,'726 C','E0C09F',224,192,159,26250,2),(1218,'727 C','D9B48F',217,180,143,26250,2),(1219,'728 C','CDA077',205,160,119,26250,2),(1220,'729 C','B58150',181,129,80,26250,2),(1221,'730 C','9E652E',158,101,46,26250,2),(1222,'731 C','774212',119,66,18,26250,2),(1223,'732 C','623412',98,52,18,26250,2),(1224,'4685 C','E0C6AD',224,198,173,26250,2),(1225,'4675 C','DCBFA6',220,191,166,26250,2),(1226,'4665 C','CDA788',205,167,136,26250,2),(1227,'4655 C','BF9474',191,148,116,26250,2),(1228,'4645 C','AD7C59',173,124,89,26250,2),(1229,'4635 C','946037',148,96,55,26250,2),(1230,'4625 C','4F2C1D',79,44,29,26250,2),(1231,'7513 C','E1B7A7',225,183,167,26250,2),(1232,'7514 C','D5A286',213,162,134,26250,2),(1233,'7515 C','C58B68',197,139,104,26250,2),(1234,'7516 C','99552B',153,85,43,26250,2),(1235,'7517 C','85431E',133,67,30,26250,2),(1236,'7518 C','6D4F47',109,79,71,26250,2),(1237,'7519 C','5E4B3C',94,75,60,26250,2),(1238,'4755 C','D7C4B7',215,196,183,26250,2),(1239,'4745 C','CDB5A7',205,181,167,26250,2),(1240,'4735 C','C0A392',192,163,146,26250,2),(1241,'4725 C','AE8A79',174,138,121,26250,2),(1242,'4715 C','956C58',149,108,88,26250,2),(1243,'4705 C','7C4D3A',124,77,58,26250,2),(1244,'4695 C','5B3427',91,52,39,26250,2),(1245,'482 C','DBC8B6',219,200,182,26250,2),(1246,'481 C','D3BBA8',211,187,168,26250,2),(1247,'480 C','C6A992',198,169,146,26250,2),(1248,'479 C','AA8066',170,128,102,26250,2),(1249,'478 C','703F2A',112,63,42,26250,2),(1250,'477 C','623B2A',98,59,42,26250,2),(1251,'476 C','4E3629',78,54,41,26250,2),(1252,'7527 C','D6D2C4',214,210,196,26250,2),(1253,'7528 C','C5B9AC',197,185,172,26250,2),(1254,'7529 C','B7A99A',183,169,154,26250,2),(1255,'7530 C','A39382',163,147,130,26250,2),(1256,'7531 C','7A6855',122,104,85,26250,2),(1257,'7532 C','63513D',99,81,61,26250,2),(1258,'7533 C','473729',71,55,41,26250,2),(1259,'7534 C','D1CCBD',209,204,189,26250,2),(1260,'7535 C','B7B09C',183,176,156,26250,2),(1261,'7536 C','A69F88',166,159,136,26250,2),(1262,'7537 C','A7ACA2',167,172,162,26250,2),(1263,'7538 C','949A90',148,154,144,26250,2),(1264,'7539 C','8E9089',142,144,137,26250,2),(1265,'7540 C','4B4F54',75,79,84,26250,2),(1266,'427 C','D0D3D4',208,211,212,26250,2),(1267,'428 C','C1C6C8',193,198,200,26250,2),(1268,'429 C','A2AAAD',162,170,173,26250,2),(1269,'430 C','7C878E',124,135,142,26250,2),(1270,'431 C','5B6770',91,103,112,26250,2),(1271,'432 C','333F48',51,63,72,26250,2),(1272,'433 C','1D252D',29,37,45,26250,2),(1273,'420 C','C7C9C7',199,201,199,26250,2),(1274,'421 C','B2B4B2',178,180,178,26250,2),(1275,'422 C','9EA2A2',158,162,162,26250,2),(1276,'423 C','898D8D',137,141,141,26250,2),(1277,'424 C','707372',112,115,114,26250,2),(1278,'425 C','54585A',84,88,90,26250,2),(1279,'426 C','25282A',37,40,42,26250,2),(1280,'441 C','BEC6C4',190,198,196,26250,2),(1281,'442 C','A2ACAB',162,172,171,26250,2),(1282,'443 C','919D9D',145,157,157,26250,2),(1283,'444 C','717C7D',113,124,125,26250,2),(1284,'445 C','505759',80,87,89,26250,2),(1285,'446 C','3F4444',63,68,68,26250,2),(1286,'447 C','373A36',55,58,54,26250,2),(1287,'413 C','BABBB1',186,187,177,26250,2),(1288,'414 C','A8A99E',168,169,158,26250,2),(1289,'415 C','919388',145,147,136,26250,2),(1290,'416 C','7E7F74',126,127,116,26250,2),(1291,'417 C','65665C',101,102,92,26250,2),(1292,'418 C','51534A',81,83,74,26250,2),(1293,'419 C','212322',33,35,34,26250,2),(1294,'400 C','C4BFB6',196,191,182,26250,2),(1295,'401 C','AFA9A0',175,169,160,26250,2),(1296,'402 C','9D968D',157,150,141,26250,2),(1297,'403 C','8C857B',140,133,123,26250,2),(1298,'404 C','776E64',119,110,100,26250,2),(1299,'405 C','696158',105,97,88,26250,2),(1300,'406 C','C4BCB7',196,188,183,26250,2),(1301,'407 C','B2A8A2',178,168,162,26250,2),(1302,'408 C','978C87',151,140,135,26250,2),(1303,'409 C','857874',133,120,116,26250,2),(1304,'410 C','746661',116,102,97,26250,2),(1305,'411 C','5E514D',94,81,77,26250,2),(1306,'412 C','382F2D',56,47,45,26250,2),(1307,'434 C','D0C4C5',208,196,197,26250,2),(1308,'435 C','C1B2B6',193,178,182,26250,2),(1309,'436 C','AB989D',171,152,157,26250,2),(1310,'437 C','7B6469',123,100,105,26250,2),(1311,'438 C','584446',88,68,70,26250,2),(1312,'439 C','453536',69,53,54,26250,2),(1313,'440 C','382E2C',56,46,44,26250,2),(1314,'Warm Gray 1 C','D7D2CB',215,210,203,26250,2),(1315,'Warm Gray 2 C','CBC4BC',203,196,188,26250,2),(1316,'Warm Gray 3 C','BFB8AF',191,184,175,26250,2),(1317,'Warm Gray 4 C','B6ADA5',182,173,165,26250,2),(1318,'Warm Gray 5 C','ACA39A',172,163,154,26250,2),(1319,'Warm Gray 6 C','A59C94',165,156,148,26250,2),(1320,'Warm Gray 7 C','968C83',150,140,131,26250,2),(1321,'Warm Gray 8 C','8C8279',140,130,121,26250,2),(1322,'Warm Gray 9 C','83786F',131,120,111,26250,2),(1323,'Warm Gray 10 C','796E65',121,110,101,26250,2),(1324,'Warm Gray 11 C','6E6259',110,98,89,26250,2),(1325,'Cool Gray 1 C','D9D9D6',217,217,214,26250,2),(1326,'Cool Gray 2 C','D0D0CE',208,208,206,26250,2),(1327,'Cool Gray 3 C','C8C9C7',200,201,199,26250,2),(1328,'Cool Gray 4 C','BBBCBC',187,188,188,26250,2),(1329,'Cool Gray 5 C','B1B3B3',177,179,179,26250,2),(1330,'Cool Gray 6 C','A7A8AA',167,168,170,26250,2),(1331,'Cool Gray 7 C','97999B',151,153,155,26250,2),(1332,'Cool Gray 8 C','888B8D',136,139,141,26250,2),(1333,'Cool Gray 9 C','75787B',117,120,123,26250,2),(1334,'Cool Gray 10 C','63666A',99,102,106,26250,2),(1335,'Cool Gray 11 C','53565A',83,86,90,26250,2),(1336,'Black 2 C','332F21',51,47,33,26250,2),(1337,'Black 3 C','212721',33,39,33,26250,2),(1338,'Black 4 C','31261D',49,38,29,26250,2),(1339,'Black 5 C','3E2B2E',62,43,46,26250,2),(1340,'Black 6 C','101820',16,24,32,26250,2),(1341,'Black 7 C','3D3935',61,57,53,26250,2),(1342,'Yellow C','FEDD00',254,221,0,26250,2),(1343,'Yellow 012 C','FFD700',255,215,0,26250,1),(1344,'Orange 021 C','FE5000',254,80,0,26250,1),(1345,'Warm Red C','F9423A',249,66,58,26250,1),(1346,'Red 032 C','EF3340',239,51,64,26250,1),(1347,'Rubine Red C','CE0058',206,0,88,26250,1),(1348,'Rhodamine Red C','E10098',225,0,152,26250,1),(1349,'Purple C','BB29BB',187,41,187,26250,1),(1350,'Violet C','440099',68,0,153,26250,1),(1351,'Blue 072 C','10069F',16,6,159,26250,1),(1352,'Reflex Blue C','001489',0,20,137,26250,1),(1353,'Process Blue C','0085CA',0,133,202,26250,1),(1354,'Green C','00AB84',0,171,132,26250,1),(1355,'Black C','2D2926',45,41,38,26250,1),(1356,'Yellow 0131 C','F2F0A1',242,240,161,26250,1),(1357,'Red 0331 C','FCAEBB',252,174,187,26250,1),(1358,'Magenta 0521 C','F1B2DC',241,178,220,26250,1),(1359,'Violet 0631 C','BF9BDE',191,155,222,26250,1),(1360,'Blue 0821 C','74D1EA',116,209,234,26250,1),(1361,'Green 0921 C','9DE7D7',157,231,215,26250,1),(1362,'Black 0961 C','9E978E',158,151,142,26250,1),(1363,'801 C','009ACE',0,154,206,26250,1),(1364,'802 C','44D62C',68,214,44,26250,1),(1365,'803 C','FFE900',255,233,0,26250,1),(1366,'804 C','FFAA4D',255,170,77,26250,1),(1367,'805 C','FF7276',255,114,118,26250,1),(1368,'806 C','FF3EB5',255,62,181,26250,1),(1369,'807 C','EA27C2',234,39,194,26250,1),(1370,'871 C','84754E',132,117,78,26250,1),(1371,'872 C','85714D',133,113,77,26250,1),(1372,'873 C','866D4B',134,109,75,26250,1),(1373,'874 C','8B6F4E',139,111,78,26250,1),(1374,'875 C','87674F',135,103,79,26250,1),(1375,'876 C','8B634B',139,99,75,26250,1),(1376,'877 C','8A8D8F',138,141,143,26250,1),(1377,'Medium Yellow C','FFD900',255,217,0,26250,1),(1378,'Bright Orange C','FF5E00',255,94,0,26250,1),(1379,'Bright Red C','F93822',249,56,34,26250,1),(1380,'Strong Red C','CE0056',206,0,86,26250,1),(1381,'Pink C','D62598',214,37,152,26250,1),(1382,'Medium Purple C','4E008E',78,0,142,26250,1),(1383,'Dark Blue C','00239C',0,35,156,26250,1),(1384,'Medium Blue C','0084CA',0,132,202,26250,1),(1385,'Bright Green C','00B08B',0,176,139,26250,1),(1386,'Neutral Black C','222223',34,34,35,26250,1),(1387,'100 C','F6EB61',246,235,97,26250,1),(1388,'101 C','F7EA48',247,234,72,26250,1),(1389,'102 C','FCE300',252,227,0,26250,1),(1390,'103 C','C5A900',197,169,0,26250,1),(1391,'104 C','AF9800',175,152,0,26250,1),(1392,'105 C','897A27',137,122,39,26250,1),(1393,'7401 C','F5E1A4',245,225,164,26250,1),(1394,'7402 C','ECD898',236,216,152,26250,1),(1395,'7403 C','EED484',238,212,132,26250,1),(1396,'7404 C','F4DA40',244,218,64,26250,1),(1397,'7405 C','F2CD00',242,205,0,26250,1),(1398,'7406 C','F1C400',241,196,0,26250,1),(1399,'7407 C','CBA052',203,160,82,26250,1),(1400,'106 C','F9E547',249,229,71,26250,1),(1401,'107 C','FBE122',251,225,34,26250,1),(1402,'108 C','FEDB00',254,219,0,26250,1),(1403,'109 C','FFD100',255,209,0,26250,1),(1404,'110 C','DAAA00',218,170,0,26250,1),(1405,'111 C','AA8A00',170,138,0,26250,1),(1406,'112 C','9C8412',156,132,18,26250,1),(1407,'113 C','FAE053',250,224,83,26250,1),(1408,'114 C','FBDD40',251,221,64,26250,1),(1409,'115 C','FDDA24',253,218,36,26250,1),(1410,'116 C','FFCD00',255,205,0,26250,1),(1411,'117 C','C99700',201,151,0,26250,1),(1412,'118 C','AC8400',172,132,0,26250,1),(1413,'119 C','897322',137,115,34,26250,1),(1414,'127 C','F3DD6D',243,221,109,26250,1),(1415,'128 C','F3D54E',243,213,78,26250,1),(1416,'129 C','F3D03E',243,208,62,26250,1),(1417,'130 C','F2A900',242,169,0,26250,1),(1418,'131 C','CC8A00',204,138,0,26250,1),(1419,'132 C','A07400',160,116,0,26250,1),(1420,'133 C','6C571B',108,87,27,26250,1),(1421,'1205 C','F8E08E',248,224,142,26250,1),(1422,'1215 C','FBD872',251,216,114,26250,1),(1423,'1225 C','FFC845',255,200,69,26250,1),(1424,'1235 C','FFB81C',255,184,28,26250,1),(1425,'1245 C','C69214',198,146,20,26250,1),(1426,'1255 C','AD841F',173,132,31,26250,1),(1427,'1265 C','886B25',136,107,37,26250,1),(1428,'120 C','FBDB65',251,219,101,26250,1),(1429,'121 C','FDD757',253,215,87,26250,1),(1430,'122 C','FED141',254,209,65,26250,1),(1431,'123 C','FFC72C',255,199,44,26250,1),(1432,'124 C','EAAA00',234,170,0,26250,1),(1433,'125 C','B58500',181,133,0,26250,1),(1434,'126 C','9A7611',154,118,17,26250,1),(1435,'7548 C','FFC600',255,198,0,26250,1),(1436,'7549 C','FFB500',255,181,0,26250,1),(1437,'7550 C','D19000',209,144,0,26250,1),(1438,'7551 C','B47E00',180,126,0,26250,1),(1439,'7552 C','73531D',115,83,29,26250,1),(1440,'7553 C','5A4522',90,69,34,26250,1),(1441,'7554 C','4B3D2A',75,61,42,26250,1),(1442,'7555 C','D29F13',210,159,19,26250,1),(1443,'7556 C','B78B20',183,139,32,26250,1),(1444,'7557 C','9F7D23',159,125,35,26250,1),(1445,'7558 C','967126',150,113,38,26250,1),(1446,'7559 C','8F6A2A',143,106,42,26250,1),(1447,'7560 C','7D622E',125,98,46,26250,1),(1448,'7561 C','6C5D34',108,93,52,26250,1),(1449,'134 C','FDD26E',253,210,110,26250,1),(1450,'135 C','FFC658',255,198,88,26250,1),(1451,'136 C','FFBF3F',255,191,63,26250,1),(1452,'137 C','FFA300',255,163,0,26250,1),(1453,'138 C','DE7C00',222,124,0,26250,1),(1454,'139 C','AF6D04',175,109,4,26250,1),(1455,'140 C','74531C',116,83,28,26250,1),(1456,'1345 C','FDD086',253,208,134,26250,1),(1457,'1355 C','FFC56E',255,197,110,26250,1),(1458,'1365 C','FFB549',255,181,73,26250,1),(1459,'1375 C','FF9E1B',255,158,27,26250,1),(1460,'1385 C','D57800',213,120,0,26250,1),(1461,'1395 C','996017',153,96,23,26250,1),(1462,'1405 C','6E4C1E',110,76,30,26250,1),(1463,'141 C','F2C75C',242,199,92,26250,1),(1464,'142 C','F1BE48',241,190,72,26250,1),(1465,'143 C','F1B434',241,180,52,26250,1),(1466,'144 C','ED8B00',237,139,0,26250,1),(1467,'145 C','CF7F00',207,127,0,26250,1),(1468,'146 C','A76D11',167,109,17,26250,1),(1469,'147 C','715C2A',113,92,42,26250,1),(1470,'7408 C','F6BE00',246,190,0,26250,1),(1471,'7409 C','F0B323',240,179,35,26250,1),(1472,'7410 C','FEAD77',254,173,119,26250,1),(1473,'7411 C','E6A65D',230,166,93,26250,1),(1474,'7412 C','D38235',211,130,53,26250,1),(1475,'7413 C','DC8633',220,134,51,26250,1),(1476,'7414 C','C16C18',193,108,24,26250,1),(1477,'7562 C','BD9B60',189,155,96,26250,1),(1478,'7563 C','D69A2D',214,154,45,26250,1),(1479,'7564 C','DB8A06',219,138,6,26250,1),(1480,'7565 C','CD7925',205,121,37,26250,1),(1481,'7566 C','AD6433',173,100,51,26250,1),(1482,'7567 C','89532F',137,83,47,26250,1),(1483,'7568 C','775135',119,81,53,26250,1),(1484,'7569 C','D78825',215,136,37,26250,1),(1485,'7570 C','D3832B',211,131,43,26250,1),(1486,'7571 C','C67D30',198,125,48,26250,1),(1487,'7572 C','B67233',182,114,51,26250,1),(1488,'7573 C','A7662B',167,102,43,26250,1),(1489,'7574 C','9E6A38',158,106,56,26250,1),(1490,'7575 C','835D32',131,93,50,26250,1),(1491,'712 C','FCC89B',252,200,155,26250,1),(1492,'713 C','FDBE87',253,190,135,26250,1),(1493,'714 C','FDAA63',253,170,99,26250,1),(1494,'715 C','F68D2E',246,141,46,26250,1),(1495,'716 C','EA7600',234,118,0,26250,1),(1496,'717 C','D45D00',212,93,0,26250,1),(1497,'718 C','BE4D00',190,77,0,26250,1),(1498,'148 C','FECB8B',254,203,139,26250,1),(1499,'149 C','FFC27B',255,194,123,26250,1),(1500,'150 C','FFB25B',255,178,91,26250,1),(1501,'151 C','FF8200',255,130,0,26250,1),(1502,'152 C','E57200',229,114,0,26250,1),(1503,'153 C','BE6A14',190,106,20,26250,1),(1504,'154 C','9B5A1A',155,90,26,26250,1),(1505,'155 C','EFD19F',239,209,159,26250,1),(1506,'156 C','EFBE7D',239,190,125,26250,1),(1507,'157 C','ECA154',236,161,84,26250,1),(1508,'158 C','E87722',232,119,34,26250,1),(1509,'159 C','CB6015',203,96,21,26250,1),(1510,'160 C','A1561C',161,86,28,26250,1),(1511,'161 C','603D20',96,61,32,26250,1),(1512,'1485 C','FFAE62',255,174,98,26250,1),(1513,'1495 C','FF8F1C',255,143,28,26250,1),(1514,'1505 C','FF6900',255,105,0,26250,1),(1515,'1525 C','B94700',185,71,0,26250,1),(1516,'1535 C','94450B',148,69,11,26250,1),(1517,'1545 C','653819',101,56,25,26250,1),(1518,'1555 C','FFB990',255,185,144,26250,1),(1519,'1565 C','FFA06A',255,160,106,26250,1),(1520,'1575 C','FF7F32',255,127,50,26250,1),(1521,'1585 C','FF6A13',255,106,19,26250,1),(1522,'1595 C','D86018',216,96,24,26250,1),(1523,'1605 C','A65523',166,85,35,26250,1),(1524,'1615 C','8B4720',139,71,32,26250,1),(1525,'162 C','FFBE9F',255,190,159,26250,1),(1526,'163 C','FF9D6E',255,157,110,26250,1),(1527,'164 C','FF7F41',255,127,65,26250,1),(1528,'165 C','FF671F',255,103,31,26250,1),(1529,'166 C','E35205',227,82,5,26250,1),(1530,'167 C','BE531C',190,83,28,26250,1),(1531,'168 C','73381D',115,56,29,26250,1),(1532,'7576 C','DB864E',219,134,78,26250,1),(1533,'7577 C','E07E3C',224,126,60,26250,1),(1534,'7578 C','DC6B2F',220,107,47,26250,1),(1535,'7579 C','DC582A',220,88,42,26250,1),(1536,'7580 C','C05131',192,81,49,26250,1),(1537,'7581 C','864A33',134,74,51,26250,1),(1538,'7582 C','674736',103,71,54,26250,1),(1539,'1625 C','FFA38B',255,163,139,26250,1),(1540,'1635 C','FF8D6D',255,141,109,26250,1),(1541,'1645 C','FF6A39',255,106,57,26250,1),(1542,'1655 C','FC4C02',252,76,2,26250,1),(1543,'1665 C','DC4405',220,68,5,26250,1),(1544,'1675 C','A9431E',169,67,30,26250,1),(1545,'1685 C','833921',131,57,33,26250,1),(1546,'169 C','FFB3AB',255,179,171,26250,1),(1547,'170 C','FF8674',255,134,116,26250,1),(1548,'171 C','FF5C39',255,92,57,26250,1),(1549,'172 C','FA4616',250,70,22,26250,1),(1550,'173 C','CF4520',207,69,32,26250,1),(1551,'174 C','963821',150,56,33,26250,1),(1552,'175 C','6B3529',107,53,41,26250,1),(1553,'7583 C','C4622D',196,98,45,26250,1),(1554,'7584 C','BA5826',186,88,38,26250,1),(1555,'7585 C','AF5C37',175,92,55,26250,1),(1556,'7586 C','9E5330',158,83,48,26250,1),(1557,'7587 C','924C2E',146,76,46,26250,1),(1558,'7588 C','7B4D35',123,77,53,26250,1),(1559,'7589 C','5C4738',92,71,56,26250,1),(1560,'7590 C','D4B59E',212,181,158,26250,1),(1561,'7591 C','C07D59',192,125,89,26250,1),(1562,'7592 C','B15533',177,85,51,26250,1),(1563,'7593 C','9D432C',157,67,44,26250,1),(1564,'7594 C','7C3A2D',124,58,45,26250,1),(1565,'7595 C','6B3D2E',107,61,46,26250,1),(1566,'7596 C','5C3D31',92,61,49,26250,1),(1567,'7597 C','D14124',209,65,36,26250,1),(1568,'7598 C','BD472A',189,71,42,26250,1),(1569,'7599 C','B33D26',179,61,38,26250,1),(1570,'7600 C','8D3F2B',141,63,43,26250,1),(1571,'7601 C','83412C',131,65,44,26250,1),(1572,'7602 C','7B4931',123,73,49,26250,1),(1573,'7603 C','674230',103,66,48,26250,1),(1574,'7604 C','E4D5D3',228,213,211,26250,1),(1575,'7605 C','E1BBB4',225,187,180,26250,1),(1576,'7606 C','D6938A',214,147,138,26250,1),(1577,'7607 C','C26E60',194,110,96,26250,1),(1578,'7608 C','A4493D',164,73,61,26250,1),(1579,'7609 C','823B34',130,59,52,26250,1),(1580,'7610 C','683431',104,52,49,26250,1),(1581,'7611 C','DDBCB0',221,188,176,26250,1),(1582,'7612 C','CA9A8E',202,154,142,26250,1),(1583,'7613 C','BC8A7E',188,138,126,26250,1),(1584,'7614 C','A37F74',163,127,116,26250,1),(1585,'7615 C','866761',134,103,97,26250,1),(1586,'7616 C','6B4C4C',107,76,76,26250,1),(1587,'7617 C','583D3E',88,61,62,26250,1),(1588,'7520 C','EABEB0',234,190,176,26250,1),(1589,'7521 C','C09C83',192,156,131,26250,1),(1590,'7522 C','B46A55',180,106,85,26250,1),(1591,'7523 C','AB5C57',171,92,87,26250,1),(1592,'7524 C','A45248',164,82,72,26250,1),(1593,'7525 C','9A6A4F',154,106,79,26250,1),(1594,'7526 C','8A391B',138,57,27,26250,1),(1595,'489 C','ECC3B2',236,195,178,26250,1),(1596,'488 C','ECBAA8',236,186,168,26250,1),(1597,'487 C','EAA794',234,167,148,26250,1),(1598,'486 C','E8927C',232,146,124,26250,1),(1599,'485 C','DA291C',218,41,28,26250,1),(1600,'484 C','9A3324',154,51,36,26250,1),(1601,'483 C','653024',101,48,36,26250,1),(1602,'176 C','FFB1BB',255,177,187,26250,1),(1603,'177 C','FF808B',255,128,139,26250,1),(1604,'178 C','FF585D',255,88,93,26250,1),(1605,'179 C','E03C31',224,60,49,26250,1),(1606,'180 C','BE3A34',190,58,52,26250,1),(1607,'181 C','81312F',129,49,47,26250,1),(1608,'1765 C','FFA3B5',255,163,181,26250,1),(1609,'1775 C','FF8DA1',255,141,161,26250,1),(1610,'1785 C','F8485E',248,72,94,26250,1),(1611,'1788 C','EE2737',238,39,55,26250,1),(1612,'1795 C','D22630',210,38,48,26250,1),(1613,'1805 C','AF272F',175,39,47,26250,1),(1614,'1815 C','7C2529',124,37,41,26250,1),(1615,'1767 C','FCAFC0',252,175,192,26250,1),(1616,'1777 C','FB637E',251,99,126,26250,1),(1617,'1787 C','F4364C',244,54,76,26250,1),(1618,'1797 C','CB333B',203,51,59,26250,1),(1619,'1807 C','A4343A',164,52,58,26250,1),(1620,'1817 C','643335',100,51,53,26250,1),(1621,'7618 C','C66E4E',198,110,78,26250,1),(1622,'7619 C','C04C36',192,76,54,26250,1),(1623,'7620 C','B7312C',183,49,44,26250,1),(1624,'7621 C','AB2328',171,35,40,26250,1),(1625,'7622 C','93272C',147,39,44,26250,1),(1626,'7623 C','8A2A2B',138,42,43,26250,1),(1627,'7624 C','802F2D',128,47,45,26250,1),(1628,'7625 C','E1523D',225,82,61,26250,1),(1629,'7626 C','C63527',198,53,39,26250,1),(1630,'7627 C','A72B2A',167,43,42,26250,1),(1631,'7628 C','9E2A2B',158,42,43,26250,1),(1632,'7629 C','6D3332',109,51,50,26250,1),(1633,'7630 C','633231',99,50,49,26250,1),(1634,'7631 C','572D2D',87,45,45,26250,1),(1635,'7415 C','E6BAA8',230,186,168,26250,1),(1636,'7416 C','E56A54',229,106,84,26250,1),(1637,'7417 C','E04E39',224,78,57,26250,1),(1638,'7418 C','CD545B',205,84,91,26250,1),(1639,'7419 C','B04A5A',176,74,90,26250,1),(1640,'7420 C','9B2242',155,34,66,26250,1),(1641,'7421 C','651D32',101,29,50,26250,1),(1642,'182 C','FABBCB',250,187,203,26250,1),(1643,'183 C','FC9BB3',252,155,179,26250,1),(1644,'184 C','F65275',246,82,117,26250,1),(1645,'185 C','E4002B',228,0,43,26250,1),(1646,'186 C','C8102E',200,16,46,26250,1),(1647,'187 C','A6192E',166,25,46,26250,1),(1648,'188 C','76232F',118,35,47,26250,1),(1649,'196 C','ECC7CD',236,199,205,26250,1),(1650,'197 C','E89CAE',232,156,174,26250,1),(1651,'198 C','DF4661',223,70,97,26250,1),(1652,'199 C','D50032',213,0,50,26250,1),(1653,'200 C','BA0C2F',186,12,47,26250,1),(1654,'201 C','9D2235',157,34,53,26250,1),(1655,'202 C','862633',134,38,51,26250,1),(1656,'189 C','F8A3BC',248,163,188,26250,1),(1657,'190 C','F67599',246,117,153,26250,1),(1658,'191 C','EF426F',239,66,111,26250,1),(1659,'192 C','E40046',228,0,70,26250,1),(1660,'193 C','BF0D3E',191,13,62,26250,1),(1661,'194 C','9B2743',155,39,67,26250,1),(1662,'195 C','782F40',120,47,64,26250,1),(1663,'1895 C','F5B6CD',245,182,205,26250,1),(1664,'1905 C','F59BBB',245,155,187,26250,1),(1665,'1915 C','EF4A81',239,74,129,26250,1),(1666,'1925 C','E0004D',224,0,77,26250,1),(1667,'1935 C','C5003E',197,0,62,26250,1),(1668,'1945 C','A6093D',166,9,61,26250,1),(1669,'1955 C','8A1538',138,21,56,26250,1),(1670,'705 C','F5DADF',245,218,223,26250,1),(1671,'706 C','F7CED7',247,206,215,26250,1),(1672,'707 C','F9B5C4',249,181,196,26250,1),(1673,'708 C','F890A5',248,144,165,26250,1),(1674,'709 C','EF6079',239,96,121,26250,1),(1675,'710 C','E03E52',224,62,82,26250,1),(1676,'711 C','CB2C30',203,44,48,26250,1),(1677,'698 C','F2D4D7',242,212,215,26250,1),(1678,'699 C','F4C3CC',244,195,204,26250,1),(1679,'700 C','F2ACB9',242,172,185,26250,1),(1680,'701 C','E68699',230,134,153,26250,1),(1681,'702 C','D25B73',210,91,115,26250,1),(1682,'703 C','B83A4B',184,58,75,26250,1),(1683,'704 C','9E2A2F',158,42,47,26250,1),(1684,'203 C','ECB3CB',236,179,203,26250,1),(1685,'204 C','E782A9',231,130,169,26250,1),(1686,'205 C','E0457B',224,69,123,26250,1),(1687,'206 C','CE0037',206,0,55,26250,1),(1688,'207 C','A50034',165,0,52,26250,1),(1689,'208 C','861F41',134,31,65,26250,1),(1690,'209 C','6F263D',111,38,61,26250,1),(1691,'210 C','F99FC9',249,159,201,26250,1),(1692,'211 C','F57EB6',245,126,182,26250,1),(1693,'212 C','F04E98',240,78,152,26250,1),(1694,'213 C','E31C79',227,28,121,26250,1),(1695,'214 C','CE0F69',206,15,105,26250,1),(1696,'215 C','AC145A',172,20,90,26250,1),(1697,'216 C','7D2248',125,34,72,26250,1),(1698,'7422 C','F4CDD4',244,205,212,26250,1),(1699,'7423 C','E06287',224,98,135,26250,1),(1700,'7424 C','E24585',226,69,133,26250,1),(1701,'7425 C','B52555',181,37,85,26250,1),(1702,'7426 C','A4123F',164,18,63,26250,1),(1703,'7427 C','971B2F',151,27,47,26250,1),(1704,'7428 C','6A2C3E',106,44,62,26250,1),(1705,'7632 C','D6C9CA',214,201,202,26250,1),(1706,'7633 C','C4A4A7',196,164,167,26250,1),(1707,'7634 C','C16784',193,103,132,26250,1),(1708,'7635 C','C63663',198,54,99,26250,1),(1709,'7636 C','BC204B',188,32,75,26250,1),(1710,'7637 C','912F46',145,47,70,26250,1),(1711,'7638 C','7E2D40',126,45,64,26250,1),(1712,'217 C','EABEDB',234,190,219,26250,1),(1713,'218 C','E56DB1',229,109,177,26250,1),(1714,'219 C','DA1884',218,24,132,26250,1),(1715,'220 C','A50050',165,0,80,26250,1),(1716,'221 C','910048',145,0,72,26250,1),(1717,'222 C','6C1D45',108,29,69,26250,1),(1718,'7639 C','936D73',147,109,115,26250,1),(1719,'7640 C','934054',147,64,84,26250,1),(1720,'7641 C','8E2C48',142,44,72,26250,1),(1721,'7642 C','732E4A',115,46,74,26250,1),(1722,'7643 C','672E45',103,46,69,26250,1),(1723,'7644 C','582D40',88,45,64,26250,1),(1724,'7645 C','502B3A',80,43,58,26250,1),(1725,'223 C','EF95CF',239,149,207,26250,1),(1726,'224 C','EB6FBD',235,111,189,26250,1),(1727,'225 C','DF1995',223,25,149,26250,1),(1728,'226 C','D0006F',208,0,111,26250,1),(1729,'227 C','AA0061',170,0,97,26250,1),(1730,'228 C','890C58',137,12,88,26250,1),(1731,'229 C','672146',103,33,70,26250,1),(1732,'230 C','F4A6D7',244,166,215,26250,1),(1733,'231 C','F277C6',242,119,198,26250,1),(1734,'232 C','E93CAC',233,60,172,26250,1),(1735,'233 C','C6007E',198,0,126,26250,1),(1736,'234 C','A20067',162,0,103,26250,1),(1737,'235 C','840B55',132,11,85,26250,1),(1738,'670 C','EAD3E2',234,211,226,26250,1),(1739,'671 C','E6BCD8',230,188,216,26250,1),(1740,'672 C','DFA0C9',223,160,201,26250,1),(1741,'673 C','D986BA',217,134,186,26250,1),(1742,'674 C','C6579A',198,87,154,26250,1),(1743,'675 C','AE2573',174,37,115,26250,1),(1744,'676 C','960051',150,0,81,26250,1),(1745,'677 C','E5CEDB',229,206,219,26250,1),(1746,'678 C','E3C8D8',227,200,216,26250,1),(1747,'679 C','DEBED2',222,190,210,26250,1),(1748,'680 C','C996B6',201,150,182,26250,1),(1749,'681 C','B06C96',176,108,150,26250,1),(1750,'682 C','994878',153,72,120,26250,1),(1751,'683 C','7C2855',124,40,85,26250,1),(1752,'684 C','E4C6D4',228,198,212,26250,1),(1753,'685 C','DCB6C9',220,182,201,26250,1),(1754,'686 C','D0A1BA',208,161,186,26250,1),(1755,'687 C','BE84A3',190,132,163,26250,1),(1756,'688 C','A76389',167,99,137,26250,1),(1757,'689 C','893B67',137,59,103,26250,1),(1758,'690 C','612141',97,33,65,26250,1),(1759,'510 C','EBBECB',235,190,203,26250,1),(1760,'509 C','E8B3C3',232,179,195,26250,1),(1761,'508 C','E4A9BB',228,169,187,26250,1),(1762,'507 C','D592AA',213,146,170,26250,1),(1763,'506 C','84344E',132,52,78,26250,1),(1764,'505 C','6F2C3F',111,44,63,26250,1),(1765,'504 C','572932',87,41,50,26250,1),(1766,'7429 C','E2BCCB',226,188,203,26250,1),(1767,'7430 C','DCA9BF',220,169,191,26250,1),(1768,'7431 C','C9809E',201,128,158,26250,1),(1769,'7432 C','B55C80',181,92,128,26250,1),(1770,'7433 C','A73A64',167,58,100,26250,1),(1771,'7434 C','9B3259',155,50,89,26250,1),(1772,'7435 C','872651',135,38,81,26250,1),(1773,'691 C','E9CDD0',233,205,208,26250,1),(1774,'692 C','E4BEC3',228,190,195,26250,1),(1775,'693 C','D7A3AB',215,163,171,26250,1),(1776,'694 C','C48490',196,132,144,26250,1),(1777,'695 C','B46B7A',180,107,122,26250,1),(1778,'696 C','984856',152,72,86,26250,1),(1779,'697 C','893C47',137,60,71,26250,1),(1780,'496 C','F2C6CF',242,198,207,26250,1),(1781,'495 C','F1BDC8',241,189,200,26250,1),(1782,'494 C','E9A2B2',233,162,178,26250,1),(1783,'493 C','DC8699',220,134,153,26250,1),(1784,'492 C','8F3237',143,50,55,26250,1),(1785,'491 C','7F3035',127,48,53,26250,1),(1786,'490 C','5D2A2C',93,42,44,26250,1),(1787,'503 C','E9C4C7',233,196,199,26250,1),(1788,'502 C','E5BAC1',229,186,193,26250,1),(1789,'501 C','DAA5AD',218,165,173,26250,1),(1790,'500 C','C6858F',198,133,143,26250,1),(1791,'499 C','7A3E3A',122,62,58,26250,1),(1792,'498 C','6A3735',106,55,53,26250,1),(1793,'497 C','512F2E',81,47,46,26250,1),(1794,'5035 C','DFC2C3',223,194,195,26250,1),(1795,'5025 C','DBB7BB',219,183,187,26250,1),(1796,'5015 C','CCA1A6',204,161,166,26250,1),(1797,'5005 C','B07C83',176,124,131,26250,1),(1798,'4995 C','9C6169',156,97,105,26250,1),(1799,'4985 C','874B52',135,75,82,26250,1),(1800,'4975 C','3F2021',63,32,33,26250,1),(1801,'236 C','F1A7DC',241,167,220,26250,1),(1802,'237 C','EC86D0',236,134,208,26250,1),(1803,'238 C','E45DBF',228,93,191,26250,1),(1804,'239 C','DB3EB1',219,62,177,26250,1),(1805,'240 C','C5299B',197,41,155,26250,1),(1806,'241 C','AF1685',175,22,133,26250,1),(1807,'242 C','80225F',128,34,95,26250,1),(1808,'2365 C','EFBAE1',239,186,225,26250,1),(1809,'2375 C','E277CD',226,119,205,26250,1),(1810,'2385 C','D539B5',213,57,181,26250,1),(1811,'2395 C','C800A1',200,0,161,26250,1),(1812,'2405 C','B0008E',176,0,142,26250,1),(1813,'2415 C','9E007E',158,0,126,26250,1),(1814,'2425 C','830065',131,0,101,26250,1),(1815,'243 C','EAB8E4',234,184,228,26250,1),(1816,'244 C','E59BDC',229,155,220,26250,1),(1817,'245 C','DD7FD3',221,127,211,26250,1),(1818,'246 C','C724B1',199,36,177,26250,1),(1819,'247 C','BB16A3',187,22,163,26250,1),(1820,'248 C','A51890',165,24,144,26250,1),(1821,'249 C','80276C',128,39,108,26250,1),(1822,'7646 C','A56E87',165,110,135,26250,1),(1823,'7647 C','A83D72',168,61,114,26250,1),(1824,'7648 C','991E66',153,30,102,26250,1),(1825,'7649 C','8A1B61',138,27,97,26250,1),(1826,'7650 C','722257',114,34,87,26250,1),(1827,'7651 C','6A2A5B',106,42,91,26250,1),(1828,'7652 C','5E2751',94,39,81,26250,1),(1829,'250 C','E7BAE4',231,186,228,26250,1),(1830,'251 C','DD9CDF',221,156,223,26250,1),(1831,'252 C','C964CF',201,100,207,26250,1),(1832,'253 C','AD1AAC',173,26,172,26250,1),(1833,'254 C','981D97',152,29,151,26250,1),(1834,'255 C','72246C',114,36,108,26250,1),(1835,'517 C','EBC6DF',235,198,223,26250,1),(1836,'516 C','E6BEDD',230,190,221,26250,1),(1837,'515 C','E2ACD7',226,172,215,26250,1),(1838,'514 C','D48BC8',212,139,200,26250,1),(1839,'513 C','93328E',147,50,142,26250,1),(1840,'512 C','833177',131,49,119,26250,1),(1841,'511 C','612C51',97,44,81,26250,1),(1842,'7436 C','EEDAEA',238,218,234,26250,1),(1843,'7437 C','CCAED0',204,174,208,26250,1),(1844,'7438 C','D59ED7',213,158,215,26250,1),(1845,'7439 C','B288B9',178,136,185,26250,1),(1846,'7440 C','A277A6',162,119,166,26250,1),(1847,'7441 C','9F5CC0',159,92,192,26250,1),(1848,'7442 C','963CBD',150,60,189,26250,1),(1849,'2562 C','D7A9E3',215,169,227,26250,1),(1850,'2572 C','C98BDB',201,139,219,26250,1),(1851,'2582 C','AC4FC6',172,79,198,26250,1),(1852,'2592 C','9B26B6',155,38,182,26250,1),(1853,'2602 C','87189D',135,24,157,26250,1),(1854,'2612 C','772583',119,37,131,26250,1),(1855,'2622 C','653165',101,49,101,26250,1),(1856,'7653 C','948794',148,135,148,26250,1),(1857,'7654 C','A2789C',162,120,156,26250,1),(1858,'7655 C','A15A95',161,90,149,26250,1),(1859,'7656 C','8E3A80',142,58,128,26250,1),(1860,'7657 C','6E2B62',110,43,98,26250,1),(1861,'7658 C','6A3460',106,52,96,26250,1),(1862,'7659 C','5D3754',93,55,84,26250,1),(1863,'524 C','D5C2D8',213,194,216,26250,1),(1864,'523 C','C9B1D0',201,177,208,26250,1),(1865,'522 C','BA9CC5',186,156,197,26250,1),(1866,'521 C','A57FB2',165,127,178,26250,1),(1867,'520 C','642F6C',100,47,108,26250,1),(1868,'519 C','59315F',89,49,95,26250,1),(1869,'518 C','4B3048',75,48,72,26250,1),(1870,'5245 C','DBCDD3',219,205,211,26250,1),(1871,'5235 C','D0BEC7',208,190,199,26250,1),(1872,'5225 C','C6B0BC',198,176,188,26250,1),(1873,'5215 C','AF95A6',175,149,166,26250,1),(1874,'5205 C','86647A',134,100,122,26250,1),(1875,'5195 C','66435A',102,67,90,26250,1),(1876,'5185 C','4A3041',74,48,65,26250,1),(1877,'5175 C','D8C8D1',216,200,209,26250,1),(1878,'5165 C','D3C0CD',211,192,205,26250,1),(1879,'5155 C','BFA5B8',191,165,184,26250,1),(1880,'5145 C','9B7793',155,119,147,26250,1),(1881,'5135 C','7E5475',126,84,117,26250,1),(1882,'5125 C','693C5E',105,60,94,26250,1),(1883,'5115 C','512A44',81,42,68,26250,1),(1884,'531 C','DFC8E7',223,200,231,26250,1),(1885,'530 C','D7B9E4',215,185,228,26250,1),(1886,'529 C','CAA2DD',202,162,221,26250,1),(1887,'528 C','B580D1',181,128,209,26250,1),(1888,'527 C','8031A7',128,49,167,26250,1),(1889,'526 C','702F8A',112,47,138,26250,1),(1890,'525 C','572C5F',87,44,95,26250,1),(1891,'256 C','D6BFDD',214,191,221,26250,1),(1892,'257 C','C6A1CF',198,161,207,26250,1),(1893,'258 C','8C4799',140,71,153,26250,1),(1894,'259 C','6D2077',109,32,119,26250,1),(1895,'260 C','642667',100,38,103,26250,1),(1896,'261 C','5D285F',93,40,95,26250,1),(1897,'262 C','51284F',81,40,79,26250,1),(1898,'2563 C','CBA3D8',203,163,216,26250,1),(1899,'2573 C','B884CB',184,132,203,26250,1),(1900,'2583 C','A05EB5',160,94,181,26250,1),(1901,'2593 C','84329B',132,50,155,26250,1),(1902,'2603 C','702082',112,32,130,26250,1),(1903,'2613 C','671E75',103,30,117,26250,1),(1904,'2623 C','5F2167',95,33,103,26250,1),(1905,'7660 C','9991A4',153,145,164,26250,1),(1906,'7661 C','8D6E97',141,110,151,26250,1),(1907,'7662 C','7A4183',122,65,131,26250,1),(1908,'7663 C','6B3077',107,48,119,26250,1),(1909,'7664 C','653279',101,50,121,26250,1),(1910,'7665 C','5E366E',94,54,110,26250,1),(1911,'7666 C','5C4E63',92,78,99,26250,1),(1912,'2567 C','C1A0DA',193,160,218,26250,1),(1913,'2577 C','A77BCA',167,123,202,26250,1),(1914,'2587 C','8246AF',130,70,175,26250,1),(1915,'2597 C','5C068C',92,6,140,26250,1),(1916,'2607 C','500778',80,7,120,26250,1),(1917,'2617 C','470A68',71,10,104,26250,1),(1918,'2627 C','3C1053',60,16,83,26250,1),(1919,'263 C','D7C6E6',215,198,230,26250,1),(1920,'264 C','C1A7E2',193,167,226,26250,1),(1921,'265 C','9063CD',144,99,205,26250,1),(1922,'266 C','753BBD',117,59,189,26250,1),(1923,'267 C','5F259F',95,37,159,26250,1),(1924,'268 C','582C83',88,44,131,26250,1),(1925,'269 C','512D6D',81,45,109,26250,1),(1926,'2635 C','C5B4E3',197,180,227,26250,1),(1927,'2645 C','AD96DC',173,150,220,26250,1),(1928,'2655 C','9678D3',150,120,211,26250,1),(1929,'2665 C','7D55C7',125,85,199,26250,1),(1930,'2685 C','330072',51,0,114,26250,1),(1931,'2695 C','2E1A47',46,26,71,26250,1),(1932,'270 C','B4B5DF',180,181,223,26250,1),(1933,'271 C','9595D2',149,149,210,26250,1),(1934,'272 C','7474C1',116,116,193,26250,1),(1935,'273 C','24135F',36,19,95,26250,1),(1936,'274 C','211551',33,21,81,26250,1),(1937,'275 C','201747',32,23,71,26250,1),(1938,'276 C','221C35',34,28,53,26250,1),(1939,'2705 C','A7A4E0',167,164,224,26250,1),(1940,'2715 C','8B84D7',139,132,215,26250,1),(1941,'2725 C','685BC7',104,91,199,26250,1),(1942,'2735 C','2E008B',46,0,139,26250,1),(1943,'2745 C','280071',40,0,113,26250,1),(1944,'2755 C','250E62',37,14,98,26250,1),(1945,'2765 C','201547',32,21,71,26250,1),(1946,'7667 C','6E7CA0',110,124,160,26250,1),(1947,'7668 C','686E9F',104,110,159,26250,1),(1948,'7669 C','615E9B',97,94,155,26250,1),(1949,'7670 C','565294',86,82,148,26250,1),(1950,'7671 C','514689',81,70,137,26250,1),(1951,'7672 C','4C4184',76,65,132,26250,1),(1952,'7673 C','535486',83,84,134,26250,1),(1953,'7443 C','DDDAE8',221,218,232,26250,1),(1954,'7444 C','B6B8DC',182,184,220,26250,1),(1955,'7445 C','A7A2C3',167,162,195,26250,1),(1956,'7446 C','8986CA',137,134,202,26250,1),(1957,'7447 C','5D4777',93,71,119,26250,1),(1958,'7448 C','4B384C',75,56,76,26250,1),(1959,'7449 C','41273B',65,39,59,26250,1),(1960,'7674 C','878CB4',135,140,180,26250,1),(1961,'7675 C','7C7FAB',124,127,171,26250,1),(1962,'7676 C','7566A0',117,102,160,26250,1),(1963,'7677 C','6F5091',111,80,145,26250,1),(1964,'7678 C','68478D',104,71,141,26250,1),(1965,'7679 C','563D82',86,61,130,26250,1),(1966,'7680 C','523178',82,49,120,26250,1),(1967,'663 C','E5E1E6',229,225,230,26250,1),(1968,'664 C','E0DBE3',224,219,227,26250,1),(1969,'665 C','C6BCD0',198,188,208,26250,1),(1970,'666 C','A192B2',161,146,178,26250,1),(1971,'667 C','7C6992',124,105,146,26250,1),(1972,'668 C','614B79',97,75,121,26250,1),(1973,'669 C','3F2A56',63,42,86,26250,1),(1974,'5315 C','D8D7DF',216,215,223,26250,1),(1975,'5305 C','C6C4D2',198,196,210,26250,1),(1976,'5295 C','B3B0C4',179,176,196,26250,1),(1977,'5285 C','8D89A5',141,137,165,26250,1),(1978,'5275 C','595478',89,84,120,26250,1),(1979,'5265 C','403A60',64,58,96,26250,1),(1980,'5255 C','1E1A34',30,26,52,26250,1),(1981,'538 C','C5CFDA',197,207,218,26250,1),(1982,'537 C','BBC7D6',187,199,214,26250,1),(1983,'536 C','A2B2C8',162,178,200,26250,1),(1984,'535 C','8E9FBC',142,159,188,26250,1),(1985,'534 C','1B365D',27,54,93,26250,1),(1986,'533 C','1F2A44',31,42,68,26250,1),(1987,'532 C','1C1F2A',28,31,42,26250,1),(1988,'7541 C','D9E1E2',217,225,226,26250,1),(1989,'7542 C','A4BCC2',164,188,194,26250,1),(1990,'7543 C','98A4AE',152,164,174,26250,1),(1991,'7544 C','768692',118,134,146,26250,1),(1992,'7545 C','425563',66,85,99,26250,1),(1993,'7546 C','253746',37,55,70,26250,1),(1994,'7547 C','131E29',19,30,41,26250,1),(1995,'552 C','B9D3DC',185,211,220,26250,1),(1996,'551 C','A3C7D2',163,199,210,26250,1),(1997,'550 C','8DB9CA',141,185,202,26250,1),(1998,'549 C','6BA4B8',107,164,184,26250,1),(1999,'548 C','003D4C',0,61,76,26250,1),(2000,'547 C','00313C',0,49,60,26250,1),(2001,'546 C','072B31',7,43,49,26250,1),(2002,'5455 C','BFCED6',191,206,214,26250,1),(2003,'5445 C','B7C9D3',183,201,211,26250,1),(2004,'5435 C','A6BBC8',166,187,200,26250,1),(2005,'5425 C','7A99AC',122,153,172,26250,1),(2006,'5415 C','5B7F95',91,127,149,26250,1),(2007,'5405 C','4F758B',79,117,139,26250,1),(2008,'5395 C','081F2C',8,31,44,26250,1),(2009,'642 C','D1DDE6',209,221,230,26250,1),(2010,'643 C','C6D6E3',198,214,227,26250,1),(2011,'644 C','9BB8D3',155,184,211,26250,1),(2012,'645 C','7DA1C4',125,161,196,26250,1),(2013,'646 C','5E8AB4',94,138,180,26250,1),(2014,'647 C','236192',35,97,146,26250,1),(2015,'648 C','002E5D',0,46,93,26250,1),(2016,'649 C','DBE2E9',219,226,233,26250,1),(2017,'650 C','CED9E5',206,217,229,26250,1),(2018,'651 C','A7BCD6',167,188,214,26250,1),(2019,'652 C','7D9BC1',125,155,193,26250,1),(2020,'653 C','326295',50,98,149,26250,1),(2021,'654 C','003A70',0,58,112,26250,1),(2022,'655 C','002554',0,37,84,26250,1),(2023,'656 C','DDE5ED',221,229,237,26250,1),(2024,'657 C','C8D8EB',200,216,235,26250,1),(2025,'658 C','B1C9E8',177,201,232,26250,1),(2026,'659 C','7BA4DB',123,164,219,26250,1),(2027,'660 C','407EC9',64,126,201,26250,1),(2028,'661 C','003594',0,53,148,26250,1),(2029,'662 C','001A70',0,26,112,26250,1),(2030,'7450 C','BDC5DB',189,197,219,26250,1),(2031,'7451 C','89ABE3',137,171,227,26250,1),(2032,'7452 C','8094DD',128,148,221,26250,1),(2033,'7453 C','7BA6DE',123,166,222,26250,1),(2034,'7454 C','5F8FB4',95,143,180,26250,1),(2035,'7455 C','3A5DAE',58,93,174,26250,1),(2036,'7456 C','606EB2',96,110,178,26250,1),(2037,'2706 C','CBD3EB',203,211,235,26250,1),(2038,'2716 C','9FAEE5',159,174,229,26250,1),(2039,'2726 C','485CC7',72,92,199,26250,1),(2040,'2736 C','1E22AA',30,34,170,26250,1),(2041,'2746 C','171C8F',23,28,143,26250,1),(2042,'2756 C','151F6D',21,31,109,26250,1),(2043,'2766 C','141B4D',20,27,77,26250,1),(2044,'2708 C','B8CCEA',184,204,234,26250,1),(2045,'2718 C','5C88DA',92,136,218,26250,1),(2046,'2728 C','0047BB',0,71,187,26250,1),(2047,'2738 C','06038D',6,3,141,26250,1),(2048,'2748 C','001871',0,24,113,26250,1),(2049,'2758 C','001E62',0,30,98,26250,1),(2050,'2768 C','071D49',7,29,73,26250,1),(2051,'2707 C','C3D7EE',195,215,238,26250,1),(2052,'2717 C','A7C6ED',167,198,237,26250,1),(2053,'2727 C','307FE2',48,127,226,26250,1),(2054,'2747 C','001A72',0,26,114,26250,1),(2055,'2757 C','001E60',0,30,96,26250,1),(2056,'2767 C','13294B',19,41,75,26250,1),(2057,'277 C','ABCAE9',171,202,233,26250,1),(2058,'278 C','8BB8E8',139,184,232,26250,1),(2059,'279 C','418FDE',65,143,222,26250,1),(2060,'280 C','012169',1,33,105,26250,1),(2061,'281 C','00205B',0,32,91,26250,1),(2062,'282 C','041E42',4,30,66,26250,1),(2063,'283 C','92C1E9',146,193,233,26250,1),(2064,'284 C','6CACE4',108,172,228,26250,1),(2065,'285 C','0072CE',0,114,206,26250,1),(2066,'286 C','0033A0',0,51,160,26250,1),(2067,'287 C','003087',0,48,135,26250,1),(2068,'288 C','002D72',0,45,114,26250,1),(2069,'289 C','0C2340',12,35,64,26250,1),(2070,'7681 C','94A9CB',148,169,203,26250,1),(2071,'7682 C','6787B7',103,135,183,26250,1),(2072,'7683 C','426DA9',66,109,169,26250,1),(2073,'7684 C','385E9D',56,94,157,26250,1),(2074,'7685 C','2C5697',44,86,151,26250,1),(2075,'7686 C','1D4F91',29,79,145,26250,1),(2076,'7687 C','1D428A',29,66,138,26250,1),(2077,'545 C','C6DAE7',198,218,231,26250,1),(2078,'544 C','BDD6E6',189,214,230,26250,1),(2079,'543 C','A4C8E1',164,200,225,26250,1),(2080,'542 C','7BAFD4',123,175,212,26250,1),(2081,'541 C','003C71',0,60,113,26250,1),(2082,'540 C','003057',0,48,87,26250,1),(2083,'539 C','00263A',0,38,58,26250,1),(2084,'290 C','B9D9EB',185,217,235,26250,1),(2085,'291 C','9BCBEB',155,203,235,26250,1),(2086,'292 C','69B3E7',105,179,231,26250,1),(2087,'293 C','003DA5',0,61,165,26250,1),(2088,'294 C','002F6C',0,47,108,26250,1),(2089,'295 C','002855',0,40,85,26250,1),(2090,'296 C','041C2C',4,28,44,26250,1),(2091,'2905 C','8DC8E8',141,200,232,26250,1),(2092,'2915 C','62B5E5',98,181,229,26250,1),(2093,'2925 C','009CDE',0,156,222,26250,1),(2094,'2935 C','0057B8',0,87,184,26250,1),(2095,'2945 C','004C97',0,76,151,26250,1),(2096,'2955 C','003865',0,56,101,26250,1),(2097,'2965 C','00263E',0,38,62,26250,1),(2098,'297 C','71C5E8',113,197,232,26250,1),(2099,'298 C','41B6E6',65,182,230,26250,1),(2100,'299 C','00A3E0',0,163,224,26250,1),(2101,'300 C','005EB8',0,94,184,26250,1),(2102,'301 C','004B87',0,75,135,26250,1),(2103,'302 C','003B5C',0,59,92,26250,1),(2104,'303 C','002A3A',0,42,58,26250,1),(2105,'7688 C','4698CB',70,152,203,26250,1),(2106,'7689 C','298FC2',41,143,194,26250,1),(2107,'7690 C','0076A8',0,118,168,26250,1),(2108,'7691 C','006298',0,98,152,26250,1),(2109,'7692 C','005587',0,85,135,26250,1),(2110,'7693 C','004976',0,73,118,26250,1),(2111,'7694 C','01426A',1,66,106,26250,1),(2112,'2975 C','99D6EA',153,214,234,26250,1),(2113,'2985 C','5BC2E7',91,194,231,26250,1),(2114,'2995 C','00A9E0',0,169,224,26250,1),(2115,'3005 C','0077C8',0,119,200,26250,1),(2116,'3015 C','00629B',0,98,155,26250,1),(2117,'3025 C','004F71',0,79,113,26250,1),(2118,'3035 C','003E51',0,62,81,26250,1),(2119,'7695 C','7BA7BC',123,167,188,26250,1),(2120,'7696 C','6399AE',99,153,174,26250,1),(2121,'7697 C','4E87A0',78,135,160,26250,1),(2122,'7698 C','41748D',65,116,141,26250,1),(2123,'7699 C','34657F',52,101,127,26250,1),(2124,'7700 C','165C7D',22,92,125,26250,1),(2125,'7701 C','005776',0,87,118,26250,1),(2126,'7457 C','BBDDE6',187,221,230,26250,1),(2127,'7458 C','71B2C9',113,178,201,26250,1),(2128,'7459 C','4298B5',66,152,181,26250,1),(2129,'7460 C','0086BF',0,134,191,26250,1),(2130,'7461 C','007DBA',0,125,186,26250,1),(2131,'7462 C','00558C',0,85,140,26250,1),(2132,'7463 C','002B49',0,43,73,26250,1),(2133,'304 C','9ADBE8',154,219,232,26250,1),(2134,'305 C','59CBE8',89,203,232,26250,1),(2135,'306 C','00B5E2',0,181,226,26250,1),(2136,'307 C','006BA6',0,107,166,26250,1),(2137,'308 C','00587C',0,88,124,26250,1),(2138,'309 C','003B49',0,59,73,26250,1),(2139,'635 C','A4DBE8',164,219,232,26250,1),(2140,'636 C','8BD3E6',139,211,230,26250,1),(2141,'637 C','4EC3E0',78,195,224,26250,1),(2142,'638 C','00AFD7',0,175,215,26250,1),(2143,'639 C','0095C8',0,149,200,26250,1),(2144,'640 C','0082BA',0,130,186,26250,1),(2145,'641 C','0067A0',0,103,160,26250,1),(2146,'7702 C','48A9C5',72,169,197,26250,1),(2147,'7703 C','009CBD',0,156,189,26250,1),(2148,'7704 C','0085AD',0,133,173,26250,1),(2149,'7705 C','007096',0,112,150,26250,1),(2150,'7706 C','006A8E',0,106,142,26250,1),(2151,'7707 C','00617F',0,97,127,26250,1),(2152,'7708 C','005670',0,86,112,26250,1),(2153,'628 C','B8DDE1',184,221,225,26250,1),(2154,'629 C','9BD3DD',155,211,221,26250,1),(2155,'630 C','77C5D5',119,197,213,26250,1),(2156,'631 C','3EB1C8',62,177,200,26250,1),(2157,'632 C','0093B2',0,147,178,26250,1),(2158,'633 C','007396',0,115,150,26250,1),(2159,'634 C','005F83',0,95,131,26250,1),(2160,'310 C','6AD1E3',106,209,227,26250,1),(2161,'311 C','05C3DE',5,195,222,26250,1),(2162,'312 C','00A9CE',0,169,206,26250,1),(2163,'313 C','0092BC',0,146,188,26250,1),(2164,'314 C','007FA3',0,127,163,26250,1),(2165,'315 C','00677F',0,103,127,26250,1),(2166,'316 C','004851',0,72,81,26250,1),(2167,'3105 C','68D2DF',104,210,223,26250,1),(2168,'3115 C','00C1D5',0,193,213,26250,1),(2169,'3125 C','00AEC7',0,174,199,26250,1),(2170,'3135 C','008EAA',0,142,170,26250,1),(2171,'3145 C','00778B',0,119,139,26250,1),(2172,'3155 C','006272',0,98,114,26250,1),(2173,'3165 C','004F59',0,79,89,26250,1),(2174,'7709 C','63B1BC',99,177,188,26250,1),(2175,'7710 C','00A7B5',0,167,181,26250,1),(2176,'7711 C','0097A9',0,151,169,26250,1),(2177,'7712 C','00859B',0,133,155,26250,1),(2178,'7713 C','007D8A',0,125,138,26250,1),(2179,'7714 C','007680',0,118,128,26250,1),(2180,'7715 C','006269',0,98,105,26250,1),(2181,'317 C','B1E4E3',177,228,227,26250,1),(2182,'318 C','88DBDF',136,219,223,26250,1),(2183,'319 C','2DCCD3',45,204,211,26250,1),(2184,'320 C','009CA6',0,156,166,26250,1),(2185,'321 C','008C95',0,140,149,26250,1),(2186,'322 C','007377',0,115,119,26250,1),(2187,'323 C','005F61',0,95,97,26250,1),(2188,'7464 C','A0D1CA',160,209,202,26250,1),(2189,'7465 C','40C1AC',64,193,172,26250,1),(2190,'7466 C','00B0B9',0,176,185,26250,1),(2191,'7467 C','00A3AD',0,163,173,26250,1),(2192,'7468 C','007398',0,115,152,26250,1),(2193,'7469 C','005F86',0,95,134,26250,1),(2194,'7470 C','005A70',0,90,112,26250,1),(2195,'7471 C','7EDDD3',126,221,211,26250,1),(2196,'7472 C','5CB8B2',92,184,178,26250,1),(2197,'7473 C','279989',39,153,137,26250,1),(2198,'7474 C','007681',0,118,129,26250,1),(2199,'7475 C','487A7B',72,122,123,26250,1),(2200,'7476 C','0D5257',13,82,87,26250,1),(2201,'7477 C','244C5A',36,76,90,26250,1),(2202,'5523 C','B6CFD0',182,207,208,26250,1),(2203,'5513 C','ABC7CA',171,199,202,26250,1),(2204,'5503 C','94B7BB',148,183,187,26250,1),(2205,'5493 C','7FA9AE',127,169,174,26250,1),(2206,'5483 C','4F868E',79,134,142,26250,1),(2207,'5473 C','115E67',17,94,103,26250,1),(2208,'5463 C','07272D',7,39,45,26250,1),(2209,'7716 C','00968F',0,150,143,26250,1),(2210,'7717 C','00857D',0,133,125,26250,1),(2211,'7718 C','007672',0,118,114,26250,1),(2212,'7719 C','006D68',0,109,104,26250,1),(2213,'7720 C','00635B',0,99,91,26250,1),(2214,'7721 C','005E5D',0,94,93,26250,1),(2215,'7722 C','005151',0,81,81,26250,1),(2216,'324 C','9CDBD9',156,219,217,26250,1),(2217,'325 C','64CCC9',100,204,201,26250,1),(2218,'326 C','00B2A9',0,178,169,26250,1),(2219,'327 C','008675',0,134,117,26250,1),(2220,'328 C','007367',0,115,103,26250,1),(2221,'329 C','00685E',0,104,94,26250,1),(2222,'330 C','00534C',0,83,76,26250,1),(2223,'3242 C','71DBD4',113,219,212,26250,1),(2224,'3252 C','2AD2C9',42,210,201,26250,1),(2225,'3262 C','00BFB3',0,191,179,26250,1),(2226,'3272 C','00A499',0,164,153,26250,1),(2227,'3282 C','008578',0,133,120,26250,1),(2228,'3292 C','00594F',0,89,79,26250,1),(2229,'3302 C','004C45',0,76,69,26250,1),(2230,'3245 C','7CE0D3',124,224,211,26250,1),(2231,'3255 C','2CD5C4',44,213,196,26250,1),(2232,'3265 C','00C7B1',0,199,177,26250,1),(2233,'3275 C','00B398',0,179,152,26250,1),(2234,'3285 C','009681',0,150,129,26250,1),(2235,'3295 C','007864',0,120,100,26250,1),(2236,'3305 C','004E42',0,78,66,26250,1),(2237,'3248 C','6DCDB8',109,205,184,26250,1),(2238,'3258 C','49C5B1',73,197,177,26250,1),(2239,'3268 C','00AB8E',0,171,142,26250,1),(2240,'3278 C','009B77',0,155,119,26250,1),(2241,'3288 C','008264',0,130,100,26250,1),(2242,'3298 C','006A52',0,106,82,26250,1),(2243,'3308 C','034638',3,70,56,26250,1),(2244,'566 C','B9DCD2',185,220,210,26250,1),(2245,'565 C','A1D6CA',161,214,202,26250,1),(2246,'564 C','86C8BC',134,200,188,26250,1),(2247,'563 C','6BBBAE',107,187,174,26250,1),(2248,'562 C','006F62',0,111,98,26250,1),(2249,'561 C','00594C',0,89,76,26250,1),(2250,'560 C','1D3C34',29,60,52,26250,1),(2251,'573 C','B5E3D8',181,227,216,26250,1),(2252,'572 C','A5DFD3',165,223,211,26250,1),(2253,'571 C','98DBCE',152,219,206,26250,1),(2254,'570 C','6BCABA',107,202,186,26250,1),(2255,'569 C','00816D',0,129,109,26250,1),(2256,'568 C','006C5B',0,108,91,26250,1),(2257,'567 C','173F35',23,63,53,26250,1),(2258,'559 C','ADCAB8',173,202,184,26250,1),(2259,'558 C','9ABEAA',154,190,170,26250,1),(2260,'557 C','85B09A',133,176,154,26250,1),(2261,'556 C','6FA287',111,162,135,26250,1),(2262,'555 C','28724F',40,114,79,26250,1),(2263,'554 C','205C40',32,92,64,26250,1),(2264,'553 C','284734',40,71,52,26250,1),(2265,'5595 C','BFCEC2',191,206,194,26250,1),(2266,'5585 C','A7BDB1',167,189,177,26250,1),(2267,'5575 C','92ACA0',146,172,160,26250,1),(2268,'5565 C','7F9C90',127,156,144,26250,1),(2269,'5555 C','5C7F71',92,127,113,26250,1),(2270,'5545 C','43695B',67,105,91,26250,1),(2271,'5535 C','183028',24,48,40,26250,1),(2272,'5665 C','BAC5B9',186,197,185,26250,1),(2273,'5655 C','B0BDB0',176,189,176,26250,1),(2274,'5645 C','A3B2A4',163,178,164,26250,1),(2275,'5635 C','94A596',148,165,150,26250,1),(2276,'5625 C','708573',112,133,115,26250,1),(2277,'5615 C','5E7461',94,116,97,26250,1),(2278,'5605 C','22372B',34,55,43,26250,1),(2279,'5527 C','BCC9C5',188,201,197,26250,1),(2280,'5517 C','B1C0BC',177,192,188,26250,1),(2281,'5507 C','9DB0AC',157,176,172,26250,1),(2282,'5497 C','829995',130,153,149,26250,1),(2283,'5487 C','5D7975',93,121,117,26250,1),(2284,'5477 C','3E5D58',62,93,88,26250,1),(2285,'5467 C','18332F',24,51,47,26250,1),(2286,'621 C','D1E0D7',209,224,215,26250,1),(2287,'622 C','B7CDC2',183,205,194,26250,1),(2288,'623 C','9AB9AD',154,185,173,26250,1),(2289,'624 C','789F90',120,159,144,26250,1),(2290,'625 C','507F70',80,127,112,26250,1),(2291,'626 C','285C4D',40,92,77,26250,1),(2292,'627 C','13322B',19,50,43,26250,1),(2293,'331 C','A7E6D7',167,230,215,26250,1),(2294,'332 C','8CE2D0',140,226,208,26250,1),(2295,'333 C','3CDBC0',60,219,192,26250,1),(2296,'334 C','009775',0,151,117,26250,1),(2297,'335 C','007B5F',0,123,95,26250,1),(2298,'336 C','00664F',0,102,79,26250,1),(2299,'337 C','8FD6BD',143,214,189,26250,1),(2300,'338 C','6ECEB2',110,206,178,26250,1),(2301,'339 C','00B388',0,179,136,26250,1),(2302,'340 C','00965E',0,150,94,26250,1),(2303,'341 C','007A53',0,122,83,26250,1),(2304,'342 C','006747',0,103,71,26250,1),(2305,'343 C','115740',17,87,64,26250,1),(2306,'7723 C','50A684',80,166,132,26250,1),(2307,'7724 C','00966C',0,150,108,26250,1),(2308,'7725 C','008755',0,135,85,26250,1),(2309,'7726 C','007B4B',0,123,75,26250,1),(2310,'7727 C','006F44',0,111,68,26250,1),(2311,'7728 C','006845',0,104,69,26250,1),(2312,'7729 C','005844',0,88,68,26250,1),(2313,'3375 C','7AE1BF',122,225,191,26250,1),(2314,'3385 C','47D7AC',71,215,172,26250,1),(2315,'3395 C','00C389',0,195,137,26250,1),(2316,'3405 C','00AF66',0,175,102,26250,1),(2317,'3415 C','007749',0,119,73,26250,1),(2318,'3425 C','006341',0,99,65,26250,1),(2319,'3435 C','154734',21,71,52,26250,1),(2320,'344 C','A0DAB3',160,218,179,26250,1),(2321,'345 C','91D6AC',145,214,172,26250,1),(2322,'346 C','71CC98',113,204,152,26250,1),(2323,'347 C','009A44',0,154,68,26250,1),(2324,'348 C','00843D',0,132,61,26250,1),(2325,'349 C','046A38',4,106,56,26250,1),(2326,'350 C','2C5234',44,82,52,26250,1),(2327,'351 C','A2E4B8',162,228,184,26250,1),(2328,'352 C','8FE2B0',143,226,176,26250,1),(2329,'353 C','80E0A7',128,224,167,26250,1),(2330,'354 C','00B140',0,177,64,26250,1),(2331,'355 C','009639',0,150,57,26250,1),(2332,'356 C','007A33',0,122,51,26250,1),(2333,'357 C','215732',33,87,50,26250,1),(2334,'7478 C','9BE3BF',155,227,191,26250,1),(2335,'7479 C','26D07C',38,208,124,26250,1),(2336,'7480 C','00BF6F',0,191,111,26250,1),(2337,'7481 C','00B74F',0,183,79,26250,1),(2338,'7482 C','009F4D',0,159,77,26250,1),(2339,'7483 C','275D38',39,93,56,26250,1),(2340,'7484 C','00573F',0,87,63,26250,1),(2341,'7730 C','4B9560',75,149,96,26250,1),(2342,'7731 C','228848',34,136,72,26250,1),(2343,'7732 C','007A3E',0,122,62,26250,1),(2344,'7733 C','007041',0,112,65,26250,1),(2345,'7734 C','286140',40,97,64,26250,1),(2346,'7735 C','36573B',54,87,59,26250,1),(2347,'7736 C','395542',57,85,66,26250,1),(2348,'7737 C','6BA539',107,165,57,26250,1),(2349,'7738 C','48A23F',72,162,63,26250,1),(2350,'7739 C','319B42',49,155,66,26250,1),(2351,'7740 C','3A913F',58,145,63,26250,1),(2352,'7741 C','44883E',68,136,62,26250,1),(2353,'7742 C','4A773C',74,119,60,26250,1),(2354,'7743 C','44693D',68,105,61,26250,1),(2355,'358 C','ADDC91',173,220,145,26250,1),(2356,'359 C','A1D884',161,216,132,26250,1),(2357,'360 C','6CC24A',108,194,74,26250,1),(2358,'361 C','43B02A',67,176,42,26250,1),(2359,'362 C','509E2F',80,158,47,26250,1),(2360,'363 C','4C8C2B',76,140,43,26250,1),(2361,'364 C','4A7729',74,119,41,26250,1),(2362,'7485 C','D0DEBB',208,222,187,26250,1),(2363,'7486 C','BCE194',188,225,148,26250,1),(2364,'7487 C','8EDD65',142,221,101,26250,1),(2365,'7488 C','78D64B',120,214,75,26250,1),(2366,'7489 C','74AA50',116,170,80,26250,1),(2367,'7490 C','719949',113,153,73,26250,1),(2368,'7491 C','79863C',121,134,60,26250,1),(2369,'365 C','C2E189',194,225,137,26250,1),(2370,'366 C','B7DD79',183,221,121,26250,1),(2371,'367 C','A4D65E',164,214,94,26250,1),(2372,'368 C','78BE20',120,190,32,26250,1),(2373,'369 C','64A70B',100,167,11,26250,1),(2374,'370 C','658D1B',101,141,27,26250,1),(2375,'371 C','546223',84,98,35,26250,1),(2376,'372 C','D4EB8E',212,235,142,26250,1),(2377,'373 C','CDEA80',205,234,128,26250,1),(2378,'374 C','C5E86C',197,232,108,26250,1),(2379,'375 C','97D700',151,215,0,26250,1),(2380,'376 C','84BD00',132,189,0,26250,1),(2381,'377 C','7A9A01',122,154,1,26250,1),(2382,'378 C','59621D',89,98,29,26250,1),(2383,'580 C','C4D6A4',196,214,164,26250,1),(2384,'579 C','BCD19B',188,209,155,26250,1),(2385,'578 C','B7CE95',183,206,149,26250,1),(2386,'577 C','A9C47F',169,196,127,26250,1),(2387,'576 C','789D4A',120,157,74,26250,1),(2388,'575 C','67823A',103,130,58,26250,1),(2389,'574 C','4E5B31',78,91,49,26250,1),(2390,'5807 C','D0D1AB',208,209,171,26250,1),(2391,'5797 C','C6C89B',198,200,155,26250,1),(2392,'5787 C','BABD8B',186,189,139,26250,1),(2393,'5777 C','A2A569',162,165,105,26250,1),(2394,'5767 C','8A8D4A',138,141,74,26250,1),(2395,'5757 C','6D712E',109,113,46,26250,1),(2396,'5747 C','3D441E',61,68,30,26250,1),(2397,'5875 C','D2CE9E',210,206,158,26250,1),(2398,'5865 C','CBC793',203,199,147,26250,1),(2399,'5855 C','C0BB87',192,187,135,26250,1),(2400,'5845 C','AFA96E',175,169,110,26250,1),(2401,'5835 C','A09958',160,153,88,26250,1),(2402,'5825 C','89813D',137,129,61,26250,1),(2403,'5815 C','555025',85,80,37,26250,1),(2404,'5803 C','C3C6A8',195,198,168,26250,1),(2405,'5793 C','B3B995',179,185,149,26250,1),(2406,'5783 C','A3AA83',163,170,131,26250,1),(2407,'5773 C','899064',137,144,100,26250,1),(2408,'5763 C','737B4C',115,123,76,26250,1),(2409,'5753 C','5E6738',94,103,56,26250,1),(2410,'5743 C','3E4827',62,72,39,26250,1),(2411,'7492 C','BFCC80',191,204,128,26250,1),(2412,'7493 C','BBC592',187,197,146,26250,1),(2413,'7494 C','9CAF88',156,175,136,26250,1),(2414,'7495 C','8F993E',143,153,62,26250,1),(2415,'7496 C','76881D',118,136,29,26250,1),(2416,'7497 C','7A7256',122,114,86,26250,1),(2417,'7498 C','5B6236',91,98,54,26250,1),(2418,'7744 C','BABC16',186,188,22,26250,1),(2419,'7745 C','ABAD23',171,173,35,26250,1),(2420,'7746 C','999B30',153,155,48,26250,1),(2421,'7747 C','888D30',136,141,48,26250,1),(2422,'7748 C','7C8034',124,128,52,26250,1),(2423,'7749 C','727337',114,115,55,26250,1),(2424,'7750 C','656635',101,102,53,26250,1),(2425,'379 C','E2E868',226,232,104,26250,1),(2426,'380 C','DBE442',219,228,66,26250,1),(2427,'381 C','CEDC00',206,220,0,26250,1),(2428,'382 C','C4D600',196,214,0,26250,1),(2429,'383 C','A8AD00',168,173,0,26250,1),(2430,'384 C','949300',148,147,0,26250,1),(2431,'385 C','787121',120,113,33,26250,1),(2432,'386 C','E9EC6B',233,236,107,26250,1),(2433,'387 C','E3E935',227,233,53,26250,1),(2434,'388 C','E0E721',224,231,33,26250,1),(2435,'389 C','D0DF00',208,223,0,26250,1),(2436,'390 C','B5BD00',181,189,0,26250,1),(2437,'391 C','9A9500',154,149,0,26250,1),(2438,'392 C','827A04',130,122,4,26250,1),(2439,'587 C','E3E48D',227,228,141,26250,1),(2440,'586 C','E0E27C',224,226,124,26250,1),(2441,'585 C','DBDE70',219,222,112,26250,1),(2442,'584 C','D2D755',210,215,85,26250,1),(2443,'583 C','B7BF10',183,191,16,26250,1),(2444,'582 C','8E8C13',142,140,19,26250,1),(2445,'581 C','625D20',98,93,32,26250,1),(2446,'393 C','F0EC74',240,236,116,26250,1),(2447,'394 C','EDE939',237,233,57,26250,1),(2448,'395 C','ECE81A',236,232,26,26250,1),(2449,'396 C','E1E000',225,224,0,26250,1),(2450,'397 C','BFB800',191,184,0,26250,1),(2451,'398 C','ADA400',173,164,0,26250,1),(2452,'399 C','A09200',160,146,0,26250,1),(2453,'3935 C','F3EA5D',243,234,93,26250,1),(2454,'3945 C','F3E500',243,229,0,26250,1),(2455,'3955 C','EFDF00',239,223,0,26250,1),(2456,'3965 C','EEDC00',238,220,0,26250,1),(2457,'3975 C','BBA600',187,166,0,26250,1),(2458,'3985 C','9A8700',154,135,0,26250,1),(2459,'3995 C','685C20',104,92,32,26250,1),(2460,'600 C','F1EB9C',241,235,156,26250,1),(2461,'601 C','F0E991',240,233,145,26250,1),(2462,'602 C','F0E87B',240,232,123,26250,1),(2463,'603 C','EDE04B',237,224,75,26250,1),(2464,'604 C','EADA24',234,218,36,26250,1),(2465,'605 C','E1CD00',225,205,0,26250,1),(2466,'606 C','CFB500',207,181,0,26250,1),(2467,'607 C','EBE49A',235,228,154,26250,1),(2468,'608 C','E9E186',233,225,134,26250,1),(2469,'609 C','E6DE77',230,222,119,26250,1),(2470,'610 C','E1D555',225,213,85,26250,1),(2471,'611 C','D7C826',215,200,38,26250,1),(2472,'612 C','C4B000',196,176,0,26250,1),(2473,'613 C','B39B00',179,155,0,26250,1),(2474,'461 C','E9DF97',233,223,151,26250,1),(2475,'460 C','E4D77E',228,215,126,26250,1),(2476,'459 C','DECD63',222,205,99,26250,1),(2477,'458 C','D9C756',217,199,86,26250,1),(2478,'457 C','B89D18',184,157,24,26250,1),(2479,'456 C','A28E2A',162,142,42,26250,1),(2480,'455 C','695B24',105,91,36,26250,1),(2481,'614 C','DCD59A',220,213,154,26250,1),(2482,'615 C','D6CF8D',214,207,141,26250,1),(2483,'616 C','D0C883',208,200,131,26250,1),(2484,'617 C','C0B561',192,181,97,26250,1),(2485,'618 C','AC9F3C',172,159,60,26250,1),(2486,'619 C','9F912A',159,145,42,26250,1),(2487,'620 C','8A7B19',138,123,25,26250,1),(2488,'7751 C','CAB64B',202,182,75,26250,1),(2489,'7752 C','CFB023',207,176,35,26250,1),(2490,'7753 C','C1A01E',193,160,30,26250,1),(2491,'7754 C','A08629',160,134,41,26250,1),(2492,'7755 C','897630',137,118,48,26250,1),(2493,'7756 C','736635',115,102,53,26250,1),(2494,'7757 C','675E33',103,94,51,26250,1),(2495,'7758 C','D4C304',212,195,4,26250,1),(2496,'7759 C','C4B200',196,178,0,26250,1),(2497,'7760 C','91852C',145,133,44,26250,1),(2498,'7761 C','747136',116,113,54,26250,1),(2499,'7762 C','5D6439',93,100,57,26250,1),(2500,'7763 C','585C3B',88,92,59,26250,1),(2501,'7764 C','535435',83,84,53,26250,1),(2502,'7765 C','BBB323',187,179,35,26250,1),(2503,'7766 C','B4A91F',180,169,31,26250,1),(2504,'7767 C','AA9D2E',170,157,46,26250,1),(2505,'7768 C','8F7E35',143,126,53,26250,1),(2506,'7769 C','716135',113,97,53,26250,1),(2507,'7770 C','635939',99,89,57,26250,1),(2508,'7771 C','4E4934',78,73,52,26250,1),(2509,'4545 C','D5CB9F',213,203,159,26250,1),(2510,'4535 C','CFC493',207,196,147,26250,1),(2511,'4525 C','C5B783',197,183,131,26250,1),(2512,'4515 C','B3A369',179,163,105,26250,1),(2513,'4505 C','998542',153,133,66,26250,1),(2514,'4495 C','8C7732',140,119,50,26250,1),(2515,'4485 C','614F25',97,79,37,26250,1),(2516,'454 C','CAC7A7',202,199,167,26250,1),(2517,'453 C','BFBB98',191,187,152,26250,1),(2518,'452 C','B0AA7E',176,170,126,26250,1),(2519,'451 C','9B945F',155,148,95,26250,1),(2520,'450 C','594A25',89,74,37,26250,1),(2521,'449 C','524727',82,71,39,26250,1),(2522,'448 C','4A412A',74,65,42,26250,1),(2523,'7499 C','F1E6B2',241,230,178,26250,1),(2524,'7500 C','DFD1A7',223,209,167,26250,1),(2525,'7501 C','D9C89E',217,200,158,26250,1),(2526,'7502 C','CEB888',206,184,136,26250,1),(2527,'7503 C','A89968',168,153,104,26250,1),(2528,'7504 C','94795D',148,121,93,26250,1),(2529,'7505 C','816040',129,96,64,26250,1),(2530,'468 C','DDCBA4',221,203,164,26250,1),(2531,'467 C','D3BC8D',211,188,141,26250,1),(2532,'466 C','C6AA76',198,170,118,26250,1),(2533,'465 C','B9975B',185,151,91,26250,1),(2534,'464 C','8B5B29',139,91,41,26250,1),(2535,'463 C','744F28',116,79,40,26250,1),(2536,'462 C','5C462B',92,70,43,26250,1),(2537,'7506 C','EFDBB2',239,219,178,26250,1),(2538,'7507 C','FCD299',252,210,153,26250,1),(2539,'7508 C','E1B87F',225,184,127,26250,1),(2540,'7509 C','D6A461',214,164,97,26250,1),(2541,'7510 C','C6893F',198,137,63,26250,1),(2542,'7511 C','B77729',183,119,41,26250,1),(2543,'7512 C','A6631B',166,99,27,26250,1),(2544,'719 C','EDC8A3',237,200,163,26250,1),(2545,'720 C','E7B78A',231,183,138,26250,1),(2546,'721 C','DDA46F',221,164,111,26250,1),(2547,'722 C','C88242',200,130,66,26250,1),(2548,'723 C','B36924',179,105,36,26250,1),(2549,'724 C','934D11',147,77,17,26250,1),(2550,'725 C','7D3F16',125,63,22,26250,1),(2551,'475 C','F3CFB3',243,207,179,26250,1),(2552,'474 C','F1C6A7',241,198,167,26250,1),(2553,'473 C','F0BF9B',240,191,155,26250,1),(2554,'472 C','E59E6D',229,158,109,26250,1),(2555,'471 C','B86125',184,97,37,26250,1),(2556,'470 C','A45A2A',164,90,42,26250,1),(2557,'469 C','693F23',105,63,35,26250,1),(2558,'726 C','E0C09F',224,192,159,26250,1),(2559,'727 C','D9B48F',217,180,143,26250,1),(2560,'728 C','CDA077',205,160,119,26250,1),(2561,'729 C','B58150',181,129,80,26250,1),(2562,'730 C','9E652E',158,101,46,26250,1),(2563,'731 C','774212',119,66,18,26250,1),(2564,'732 C','623412',98,52,18,26250,1),(2565,'4685 C','E0C6AD',224,198,173,26250,1),(2566,'4675 C','DCBFA6',220,191,166,26250,1),(2567,'4665 C','CDA788',205,167,136,26250,1),(2568,'4655 C','BF9474',191,148,116,26250,1),(2569,'4645 C','AD7C59',173,124,89,26250,1),(2570,'4635 C','946037',148,96,55,26250,1),(2571,'4625 C','4F2C1D',79,44,29,26250,1),(2572,'7513 C','E1B7A7',225,183,167,26250,1),(2573,'7514 C','D5A286',213,162,134,26250,1),(2574,'7515 C','C58B68',197,139,104,26250,1),(2575,'7516 C','99552B',153,85,43,26250,1),(2576,'7517 C','85431E',133,67,30,26250,1),(2577,'7518 C','6D4F47',109,79,71,26250,1),(2578,'7519 C','5E4B3C',94,75,60,26250,1),(2579,'4755 C','D7C4B7',215,196,183,26250,1),(2580,'4745 C','CDB5A7',205,181,167,26250,1),(2581,'4735 C','C0A392',192,163,146,26250,1),(2582,'4725 C','AE8A79',174,138,121,26250,1),(2583,'4715 C','956C58',149,108,88,26250,1),(2584,'4705 C','7C4D3A',124,77,58,26250,1),(2585,'4695 C','5B3427',91,52,39,26250,1),(2586,'482 C','DBC8B6',219,200,182,26250,1),(2587,'481 C','D3BBA8',211,187,168,26250,1),(2588,'480 C','C6A992',198,169,146,26250,1),(2589,'479 C','AA8066',170,128,102,26250,1),(2590,'478 C','703F2A',112,63,42,26250,1),(2591,'477 C','623B2A',98,59,42,26250,1),(2592,'476 C','4E3629',78,54,41,26250,1),(2593,'7527 C','D6D2C4',214,210,196,26250,1),(2594,'7528 C','C5B9AC',197,185,172,26250,1),(2595,'7529 C','B7A99A',183,169,154,26250,1),(2596,'7530 C','A39382',163,147,130,26250,1),(2597,'7531 C','7A6855',122,104,85,26250,1),(2598,'7532 C','63513D',99,81,61,26250,1),(2599,'7533 C','473729',71,55,41,26250,1),(2600,'7534 C','D1CCBD',209,204,189,26250,1),(2601,'7535 C','B7B09C',183,176,156,26250,1),(2602,'7536 C','A69F88',166,159,136,26250,1),(2603,'7537 C','A7ACA2',167,172,162,26250,1),(2604,'7538 C','949A90',148,154,144,26250,1),(2605,'7539 C','8E9089',142,144,137,26250,1),(2606,'7540 C','4B4F54',75,79,84,26250,1),(2607,'427 C','D0D3D4',208,211,212,26250,1),(2608,'428 C','C1C6C8',193,198,200,26250,1),(2609,'429 C','A2AAAD',162,170,173,26250,1),(2610,'430 C','7C878E',124,135,142,26250,1),(2611,'431 C','5B6770',91,103,112,26250,1),(2612,'432 C','333F48',51,63,72,26250,1),(2613,'433 C','1D252D',29,37,45,26250,1),(2614,'420 C','C7C9C7',199,201,199,26250,1),(2615,'421 C','B2B4B2',178,180,178,26250,1),(2616,'422 C','9EA2A2',158,162,162,26250,1),(2617,'423 C','898D8D',137,141,141,26250,1),(2618,'424 C','707372',112,115,114,26250,1),(2619,'425 C','54585A',84,88,90,26250,1),(2620,'426 C','25282A',37,40,42,26250,1),(2621,'441 C','BEC6C4',190,198,196,26250,1),(2622,'442 C','A2ACAB',162,172,171,26250,1),(2623,'443 C','919D9D',145,157,157,26250,1),(2624,'444 C','717C7D',113,124,125,26250,1),(2625,'445 C','505759',80,87,89,26250,1),(2626,'446 C','3F4444',63,68,68,26250,1),(2627,'447 C','373A36',55,58,54,26250,1),(2628,'413 C','BABBB1',186,187,177,26250,1),(2629,'414 C','A8A99E',168,169,158,26250,1),(2630,'415 C','919388',145,147,136,26250,1),(2631,'416 C','7E7F74',126,127,116,26250,1),(2632,'417 C','65665C',101,102,92,26250,1),(2633,'418 C','51534A',81,83,74,26250,1),(2634,'419 C','212322',33,35,34,26250,1),(2635,'400 C','C4BFB6',196,191,182,26250,1),(2636,'401 C','AFA9A0',175,169,160,26250,1),(2637,'402 C','9D968D',157,150,141,26250,1),(2638,'403 C','8C857B',140,133,123,26250,1),(2639,'404 C','776E64',119,110,100,26250,1),(2640,'405 C','696158',105,97,88,26250,1),(2641,'406 C','C4BCB7',196,188,183,26250,1),(2642,'407 C','B2A8A2',178,168,162,26250,1),(2643,'408 C','978C87',151,140,135,26250,1),(2644,'409 C','857874',133,120,116,26250,1),(2645,'410 C','746661',116,102,97,26250,1),(2646,'411 C','5E514D',94,81,77,26250,1),(2647,'412 C','382F2D',56,47,45,26250,1),(2648,'434 C','D0C4C5',208,196,197,26250,1),(2649,'435 C','C1B2B6',193,178,182,26250,1),(2650,'436 C','AB989D',171,152,157,26250,1),(2651,'437 C','7B6469',123,100,105,26250,1),(2652,'438 C','584446',88,68,70,26250,1),(2653,'439 C','453536',69,53,54,26250,1),(2654,'440 C','382E2C',56,46,44,26250,1),(2655,'Warm Gray 1 C','D7D2CB',215,210,203,26250,1),(2656,'Warm Gray 2 C','CBC4BC',203,196,188,26250,1),(2657,'Warm Gray 3 C','BFB8AF',191,184,175,26250,1),(2658,'Warm Gray 4 C','B6ADA5',182,173,165,26250,1),(2659,'Warm Gray 5 C','ACA39A',172,163,154,26250,1),(2660,'Warm Gray 6 C','A59C94',165,156,148,26250,1),(2661,'Warm Gray 7 C','968C83',150,140,131,26250,1),(2662,'Warm Gray 8 C','8C8279',140,130,121,26250,1),(2663,'Warm Gray 9 C','83786F',131,120,111,26250,1),(2664,'Warm Gray 10 C','796E65',121,110,101,26250,1),(2665,'Warm Gray 11 C','6E6259',110,98,89,26250,1),(2666,'Cool Gray 1 C','D9D9D6',217,217,214,26250,1),(2667,'Cool Gray 2 C','D0D0CE',208,208,206,26250,1),(2668,'Cool Gray 3 C','C8C9C7',200,201,199,26250,1),(2669,'Cool Gray 4 C','BBBCBC',187,188,188,26250,1),(2670,'Cool Gray 5 C','B1B3B3',177,179,179,26250,1),(2671,'Cool Gray 6 C','A7A8AA',167,168,170,26250,1),(2672,'Cool Gray 7 C','97999B',151,153,155,26250,1),(2673,'Cool Gray 8 C','888B8D',136,139,141,26250,1),(2674,'Cool Gray 9 C','75787B',117,120,123,26250,1),(2675,'Cool Gray 10 C','63666A',99,102,106,26250,1),(2676,'Cool Gray 11 C','53565A',83,86,90,26250,1),(2677,'Black 2 C','332F21',51,47,33,26250,1),(2678,'Black 3 C','212721',33,39,33,26250,1),(2679,'Black 4 C','31261D',49,38,29,26250,1),(2680,'Black 5 C','3E2B2E',62,43,46,26250,1),(2681,'Black 6 C','101820',16,24,32,26250,1),(2682,'Black 7 C','3D3935',61,57,53,26250,1);
/*!40000 ALTER TABLE `pantone` ENABLE KEYS */;
UNLOCK TABLES;

--
-- Dumping data for table `proveedor`
--

LOCK TABLES `proveedor` WRITE;
/*!40000 ALTER TABLE `proveedor` DISABLE KEYS */;
INSERT INTO `proveedor` (`idproveedor`, `nombre`, `fechacreacion`, `activo`, `empresa_idempresa`) VALUES (1,'Smurfit Kappa','2016-06-28 19:52:57','',1),(2,'Cartones de Colombia','2016-06-28 19:52:57','',1),(3,'Cartones América S.A.','2016-06-28 19:52:57','',1),(4,'Generico','2016-06-28 19:52:57','',1);
/*!40000 ALTER TABLE `proveedor` ENABLE KEYS */;
UNLOCK TABLES;

--
-- Dumping data for table `proveedor_linea`
--

LOCK TABLES `proveedor_linea` WRITE;
/*!40000 ALTER TABLE `proveedor_linea` DISABLE KEYS */;
INSERT INTO `proveedor_linea` (`idproveedor_linea`, `nombre`, `fechacreacion`, `activo`, `proveedor_idproveedor`) VALUES (1,'Genérica','2016-06-28 19:52:57','',1),(2,'Genérica','2016-06-28 19:52:57','',2),(3,'Genérica','2016-06-28 19:52:57','',3),(4,'Genérica','2016-06-28 19:52:57','',4);
/*!40000 ALTER TABLE `proveedor_linea` ENABLE KEYS */;
UNLOCK TABLES;

--
-- Current Database: `comercial`
--

USE `comercial`;

--
-- Dumping data for table `asesor`
--

LOCK TABLES `asesor` WRITE;
/*!40000 ALTER TABLE `asesor` DISABLE KEYS */;
INSERT INTO `asesor` (`idasesor`, `nombre`, `comision`, `telefono`, `correoelectronico`, `codigo`, `empresa_idempresa`, `activo`, `fechacreacion`) VALUES (1,'CARTONERIA MOSQUERA',4.5,'3132521587',NULL,'CM',1,'','2016-06-28 19:52:43'),(2,'DILIA MOSQUERA',4.5,'3125878151',NULL,'DMOSQUERA',1,'','2016-06-28 19:52:43'),(3,'GERMAN TORRADO',4.5,'3125877269',NULL,'GTORRADO',1,'','2016-06-28 19:52:43'),(4,'LUIS FERNANDO RODRIGUEZ',4.5,'3125875272',NULL,'LFRODRIGUEZ',1,'','2016-06-28 19:52:43'),(5,'LUCY ZARATE',4.5,'3125875254',NULL,'LZARATE',1,'','2016-06-28 19:52:43'),(6,'JUAN CARLOS VANEGAS',4.5,'3115356181',NULL,'JCVANEGAS',1,'','2016-06-28 19:52:43'),(7,'YANETH CRIADO',4.5,'3103611941',NULL,'YCRIADO',1,'','2016-06-28 19:52:43'),(8,'CESAR BELTRAN',4.5,'3125877260',NULL,'CBELTRAN',1,'','2016-06-28 19:52:43'),(9,'JANETH ORTEGA',4.5,'3212018418',NULL,'JORTEGA',1,'','2016-06-28 19:52:43');
/*!40000 ALTER TABLE `asesor` ENABLE KEYS */;
UNLOCK TABLES;

--
-- Current Database: `seguridad`
--

USE `seguridad`;

--
-- Dumping data for table `parametro`
--

LOCK TABLES `parametro` WRITE;
/*!40000 ALTER TABLE `parametro` DISABLE KEYS */;
INSERT INTO `parametro` (`idparametro`, `periodo_idPeriodo`, `nombre`, `tipo`, `valortexto`, `valornumero`, `valorfecha`, `valorboleano`) VALUES (1,1,'VM2',1,NULL,1400000,NULL,NULL),(2,1,'HPEREMP',1,NULL,112,NULL,NULL),(3,1,'HCAP',1,NULL,96,NULL,NULL),(4,1,'DHT',1,NULL,279,NULL,NULL),(5,1,'VKWHE',1,NULL,501.6,NULL,NULL),(6,1,'IVA',1,NULL,16,NULL,NULL),(7,1,'VTROQ',1,NULL,120000,NULL,NULL),(8,2,'VM2',1,NULL,1400000,NULL,NULL),(9,2,'HPEREMP',1,NULL,48,NULL,NULL),(10,2,'HCAP',1,NULL,96,NULL,NULL),(11,2,'DHT',1,NULL,279,NULL,NULL),(12,2,'VKWHE',1,NULL,501.6,NULL,NULL),(13,2,'IVA',1,NULL,16,NULL,NULL),(14,2,'VTROQ',1,NULL,120000,NULL,NULL);
/*!40000 ALTER TABLE `parametro` ENABLE KEYS */;
UNLOCK TABLES;

--
-- Dumping data for table `periodo`
--

LOCK TABLES `periodo` WRITE;
/*!40000 ALTER TABLE `periodo` DISABLE KEYS */;
INSERT INTO `periodo` (`idPeriodo`, `nombre`, `fechainicio`, `fechafin`, `vigente`, `empresa_idempresa`, `impuestoicacree`, `porcenfinanciacion`, `porcenalzageneral`, `gasto`, `utilidad`) VALUES (1,'Año 2015','2015-01-01 00:00:00','2015-12-31 00:00:00','\0',1,1.27,0,0,1622440000,200000000),(2,'Año 2016','2016-01-01 00:00:00','2016-12-31 00:00:00','',1,1.27,0,0,1622440000,300000000);
/*!40000 ALTER TABLE `periodo` ENABLE KEYS */;
UNLOCK TABLES;

--
-- Dumping data for table `periodo_precio`
--

LOCK TABLES `periodo_precio` WRITE;
/*!40000 ALTER TABLE `periodo_precio` DISABLE KEYS */;
/*!40000 ALTER TABLE `periodo_precio` ENABLE KEYS */;
UNLOCK TABLES;

-- Dump completed on 2016-09-10 14:15:10
